index,source_kind,seed,volume,surface_area,bbox_x,bbox_y,bbox_z,elongation,flatness,sphericity,roughness,angularity,spike_score,compactness,stability_score,mass,major_face_count,largest_face_area_ratio,top3_face_area_ratio,face_area_entropy,normal_concentration,support_face_count,support_face_area_ratio,opposing_face_pair_count,opposing_face_area_ratio,face_planarity,support_plane_quality,cluster_id,cluster_label
0,bearing_block_clast,651947153,0.00236011059017495,0.09654068164462282,0.20583526946431707,0.19566422127223454,0.12399275427706616,1.0519821566045597,1.5780294777146089,0.8879639463801211,0.13814186563102132,0.23207226548106086,0.09436735024975196,0.4726120988610905,2.3261297160041963,6.13628753445487,8.0,0.07294081662039732,0.19633392009982514,0.9948714844614566,0.05158415142075186,1.0,0.07294081662039732,2.0,0.06076485934922919,1.0,0.12156802770066219,9,multi_facet_clast_10
1,buttress_clast,1137990878,0.0009062892419258357,0.04914299914453574,0.14358053122929035,0.13423938093616872,0.10050605642143565,1.0695857670675895,1.3356347439728868,0.9215813630186793,0.08496431132488629,0.23244229987602702,0.15000002000041657,0.46784187922948245,1.7584285014613195,2.356352029007173,9.0,0.07414695162976223,0.20039488179213955,0.9954512609764733,0.051461770833792934,1.0,0.07414695162976223,3.0,0.05613142716275969,1.0,0.14829390325952446,9,multi_facet_clast_10
2,bearing_block_clast,58022551,0.001593383499598672,0.07148554628618067,0.1822125887855029,0.1513812340622705,0.13082409416916896,1.2036669532668094,1.1571357327077614,0.9228818276756648,0.09501273345258711,0.23240744765997212,0.14000003561797136,0.4415523082684829,1.487376931278201,4.142797098956547,10.0,0.07339675892776379,0.20232597300766225,0.993010366507823,0.05213093468942767,1.0,0.07339675892776379,3.0,0.05631959790616771,1.0000000000000002,0.1467935178555276,6,multi_facet_clast_7
3,course_block_clast,990653225,0.0005513498919389949,0.034922398534077824,0.11392340528441552,0.10500333107069668,0.09605928822824786,1.0849503927424278,1.0931096097776276,0.9311041367444233,0.06397885582163036,0.2321252641920941,0.1300000003472943,0.4798128722336078,1.2070786323212483,1.4335097190413868,10.0,0.05836791163979341,0.1687647371592055,0.9989135580304411,0.05032202784963615,1.0,0.05836791163979341,2.0,0.05072326792960317,1.0000000000000002,0.09727985273298903,5,multi_facet_clast_6
4,compact_block_clast,1170558258,0.00034808719657459066,0.025563011148615998,0.08999570942180382,0.08739938963347205,0.09455512886752501,1.050662631307805,1.0297063835253313,0.9361184709147213,0.05474706451495053,0.23192910114587947,0.07661137234121296,0.46802898952014005,1.0428477556892821,0.9050267110939357,12.0,0.05722515622545425,0.1702181294647525,0.998120650848433,0.050548246214922356,1.0,0.05722515622545425,2.0,0.05183391493456681,0.9999999999999998,0.09537526037575705,5,multi_facet_clast_6
5,wall_block_clast,40823647,0.000819915649708045,0.046306104869380006,0.14267581177177563,0.10182948718223317,0.12408469075636003,1.1498260655854735,1.2185536251822533,0.914868463829896,0.09944188906073394,0.23223674206251765,0.13000000471004802,0.45480692037382997,1.5619966532119471,2.1317806892409172,9.0,0.062354056871437004,0.1850715958074015,0.9964480340902557,0.05105883725135002,1.0,0.062354056871437004,2.0,0.06106816163091479,1.0,0.10392342811906166,0,multi_facet_clast
6,tie_bridge_clast,1833794988,0.0005645310801057679,0.03753598456096929,0.1423884496177879,0.10651253440776462,0.08650287833136297,1.336823411530878,1.231317806556118,0.8800247447883557,0.19326609629485172,0.2324836377029495,0.1300000000237278,0.4303103761279103,1.7836483919822208,1.4677808082749966,11.0,0.11763998478290572,0.27611285347883524,0.9750091032093107,0.06409682572755128,2.0,0.2073033821109872,3.0,0.06700060272762812,0.997896373799121,0.4137345865696954,3,multi_facet_clast_4
7,course_block_clast,596906303,0.0005911851259638762,0.03680624556512243,0.12318948724758486,0.10954428530369753,0.09699653390704285,1.1245633389825653,1.129362884334402,0.9255039380386293,0.09555090231953739,0.23178145437032796,0.13000000014910218,0.4516519707832026,1.327483751766112,1.5370813275060782,11.0,0.0587963533046494,0.1757477265489822,0.9966698327870606,0.05096321800607429,1.0,0.0587963533046494,2.0,0.054140918557758023,1.0,0.09799392217441566,4,multi_facet_clast_5
8,interlock_block_clast,551530055,0.00038415948738670534,0.02763826717648037,0.10936352405560446,0.08902397880257878,0.08989190687965545,1.2166114598282691,1.0097493741433574,0.9246577679789748,0.09071523904988539,0.23224732511895002,0.13853649125930878,0.43894638148904,1.1469912657070893,0.9988146672054339,9.0,0.06227956467405908,0.184722902715698,0.9962590093286688,0.051103448021481784,1.0,0.06227956467405908,2.0,0.05290278515785233,1.0,0.10379927445676512,0,multi_facet_clast
9,cap_block_clast,1353667789,0.0014093486113145302,0.06573934784150354,0.16757311070238182,0.13343405414072962,0.13016247849592305,1.2558496538345945,1.0251345524655866,0.9247074452332013,0.09379291083874267,0.23252762617223396,0.13000000086553576,0.48424105729613615,1.2204043532811804,3.6643063894177783,10.0,0.06327753413298562,0.1785037880800534,0.9970867828539793,0.05085611872230448,1.0,0.06327753413298562,3.0,0.05555528971479457,0.9999999999999996,0.12655506826597118,6,multi_facet_clast_7
10,equant_clast,1047635359,0.0007216601400906422,0.04199830254899948,0.12819994636876966,0.12006287390013576,0.09911528228326306,1.0677734274077268,1.2113457292792271,0.9264191679887487,0.09447135629094794,0.2313092917473344,0.13048964169125843,0.47303744245302104,1.4515194712844979,1.8763163642356695,9.0,0.06229385421503492,0.17763318973613146,0.9974918674758183,0.05074971052886095,1.0,0.06229385421503492,0.0,0.0,0.9999999999999999,0.062293854215034916,5,multi_facet_clast_6
11,chock_clast,247971626,0.0005007230429620313,0.032777417353766714,0.10783025910460438,0.10454676205311168,0.10034787409239415,1.0314069703069773,1.0418433175460344,0.9303387535759021,0.0837645941296261,0.23148040084560134,0.13462104483123483,0.4426272690556624,1.0415400995294588,1.3018799117012814,11.0,0.0613164827839173,0.18035006167453885,0.995342682148661,0.0513279582087406,1.0,0.0613164827839173,2.0,0.05299522822119127,1.0,0.10219413797319549,5,multi_facet_clast_6
12,bearing_block_clast,43002387,0.0016091060811797132,0.07222790365000088,0.1704675964306375,0.16440098991304392,0.12069208410480939,1.0369012773025417,1.3621522167955735,0.9193951996435283,0.09676806607468227,0.2318800539496164,0.12808373912944693,0.47572899676058,1.7688496678036065,4.183675811067254,9.0,0.07140609794821307,0.19840740395481443,0.9945508540755988,0.05167441210325508,1.0,0.07140609794821307,2.0,0.05484114411027196,1.0,0.11901016324702177,9,multi_facet_clast_10
13,buttress_clast,1780195043,0.0008973393105849716,0.05067562132513387,0.15476373901256768,0.14264793597586028,0.09130648373353684,1.0849350041682881,1.562297989616544,0.887815735431578,0.152978524470461,0.2312460934231056,0.13648232656983628,0.44516434222890483,2.351009084823679,2.3330822075209263,9.0,0.11044889607233965,0.2506641530774393,0.9854544750255181,0.057865134572200896,1.0,0.11044889607233965,2.0,0.07091509096156393,0.9991552459832544,0.1839259898728957,3,multi_facet_clast_4
14,bearing_block_clast,863017636,0.0007234830519834401,0.04244110374517375,0.13229520863943783,0.12777340799116102,0.09210028677218188,1.0353892153255364,1.3873291003666441,0.9182967119196097,0.09554835378433557,0.2320232176733557,0.14000002071730888,0.4647108211187431,1.829977114040748,1.8810559351569445,10.0,0.06524806007733863,0.1864273456791095,0.9965251646528535,0.051046474579165,1.0,0.06524806007733863,3.0,0.05696971311282932,1.0000000000000004,0.13049612015467732,4,multi_facet_clast_5
15,course_block_clast,1107192245,0.0005030720543329902,0.03282204956030181,0.11589623043623404,0.09083491557725101,0.1005718650163106,1.1523722903760227,1.1071939064090257,0.931977060516177,0.05645926620270254,0.23236686364813597,0.12283512119779383,0.4751509058992905,1.3165743917037298,1.3079873412657745,11.0,0.056863170580159245,0.17015101469566102,0.9975920909771172,0.050697276997206595,1.0,0.056863170580159245,3.0,0.055388547291005216,1.0,0.11372634116031849,7,multi_facet_clast_8
16,compact_block_clast,1662221874,0.00038911149114396386,0.027669693845883,0.0947935606294689,0.10100971381288243,0.0866307936971359,1.0655756903964326,1.0942247737088766,0.9315277742428092,0.06898732571177325,0.23182907570847705,0.11976496760218258,0.46909390049271266,1.1884836149867397,1.0116898769743061,12.0,0.05710005666823993,0.1688488039084951,0.9984670100776037,0.050451113167966355,1.0,0.05710005666823993,2.0,0.05199777425309103,1.0000000000000002,0.09516676111373323,5,multi_facet_clast_6
17,wall_block_clast,690710983,0.0005231465580808814,0.03409642312747194,0.12367287444123617,0.09715741151283397,0.09724995005910647,1.2717011614511926,1.0009524599804749,0.9208542231258282,0.10072463916576889,0.23244149673949382,0.13000018194648044,0.44769639232636155,1.1732832065894934,1.3601810510102916,13.0,0.06246848307328671,0.1818389699244378,0.9959737365744162,0.051180028945145,1.0,0.06246848307328671,5.0,0.061613831980946526,0.9999999999999998,0.12493696614657339,7,multi_facet_clast_8
18,tie_bridge_clast,691201962,0.000389247375355401,0.027938326132311297,0.11088414581835276,0.08749475085232222,0.09218634953111263,1.2028260841474114,1.053621487381673,0.9227857308845759,0.09119796743778337,0.23272114666049826,0.13000000128035416,0.4352187737627012,1.2321765684803136,1.0120431759240427,11.0,0.06670303114923654,0.19030468323684008,0.9943542219904434,0.05164806137780423,1.0,0.06670303114923654,3.0,0.05580632522471158,1.0,0.13340606229847307,0,multi_facet_clast
19,course_block_clast,944076855,0.0006153817555182578,0.037427048867772386,0.11855857994864674,0.10593406981399858,0.10496963222771463,1.1191732759518684,1.0091877771295965,0.9348206224670479,0.05111322171836827,0.23211420023939552,0.11924237672017624,0.4667800588759556,1.065539563303472,1.5999925643474702,10.0,0.05706147874057653,0.1696065241447277,0.9982588077318061,0.050513922086166056,1.0,0.05706147874057653,2.0,0.055239561119919976,1.0,0.09510246456762754,5,multi_facet_clast_6
20,interlock_block_clast,578064333,0.0004092919029928871,0.028918282747537397,0.11513220528270593,0.09537906373315186,0.08194099509517871,1.2071014410963259,1.1639968934031633,0.9218644343848946,0.09581555233294474,0.2331973670199945,0.14354783923343195,0.45486449735645107,1.5076983898703742,1.0641589477815065,9.0,0.07169912001096726,0.20197799034659364,0.9935677459560622,0.05196541273942692,1.0,0.07169912001096726,1.0,0.050158312792426295,0.9999999999999999,0.09559882668128966,0,multi_facet_clast
21,cap_block_clast,26024985,0.0008600069854399593,0.04710696839037407,0.14258185188104844,0.11693069969387622,0.11140480032020678,1.2193705524240148,1.049601986250023,0.9283967710148089,0.08088529031474148,0.23244699863282844,0.13000000031862813,0.4630258895136709,1.2471497722674518,2.2360181621438944,12.0,0.059234078398772635,0.17250126426147128,0.9973104273425313,0.05077176415509999,1.0,0.059234078398772635,4.0,0.05211042749535533,1.0,0.11846815679754527,7,multi_facet_clast_8
22,equant_clast,1492141539,0.0014886145859692675,0.0672787619826676,0.1516411595762646,0.1431882697768004,0.14131264613995337,1.0590333957707598,1.0132728647299512,0.9371180721347873,0.031859307436869405,0.2321677511426639,0.055348895632947315,0.4851507456243272,1.0189591972249907,3.8703979235200956,9.0,0.057538457856478584,0.16472616495997994,0.9994028605630173,0.05018107555849611,1.0,0.057538457856478584,2.0,0.053096600964402,1.0,0.09589742976079763,1,multi_facet_clast_2
23,chock_clast,1752788150,0.0004426256735642651,0.030444066060688245,0.11201997125545454,0.09776074093893514,0.09328834381880537,1.1458584517626174,1.04794164991091,0.9225838953351218,0.09891126648984457,0.2314268301394214,0.14000000210046748,0.4332606793271295,1.160943394181069,1.1508267512670893,10.0,0.0622668553972131,0.1800392176804721,0.9967583633626448,0.050949129672610984,1.0,0.0622668553972131,1.0,0.05174977704403053,0.9999999999999998,0.08302247386295078,0,multi_facet_clast
24,bearing_block_clast,1352091123,0.0028978019444318684,0.10794525560168425,0.22739586649762816,0.17767662988177788,0.15771420049899404,1.279829917130533,1.1265734430991277,0.9105973144153481,0.13049728822046136,0.23234651218890137,0.14000000313194083,0.45476289939803,1.4791003564875014,7.534285055522858,12.0,0.06210486442219928,0.17560184832703635,0.9971277396524684,0.05084063532937482,1.0,0.06210486442219928,4.0,0.05528585756737986,0.9999999999999999,0.12420972884439854,6,multi_facet_clast_7
25,buttress_clast,1022011638,0.0009914025052054419,0.052141810921512814,0.1375018383327534,0.1406458261221442,0.10205840448546591,1.0228650600421967,1.347285792149876,0.9221424652978234,0.07695738916961982,0.23256016991483194,0.1500000041209799,0.5023031302159846,1.7121264073556148,2.577646513534149,8.0,0.06984049540097212,0.19326327703903606,0.9966615299300197,0.05104930159416722,1.0,0.06984049540097212,2.0,0.059553665725106036,1.0000000000000002,0.11640082566828688,9,multi_facet_clast_10
26,bearing_block_clast,678517739,0.003103135119624574,0.1101899221038121,0.196096932934731,0.1884843958142708,0.1730632675099933,1.0403881556750272,1.089106882853619,0.9337043298109358,0.06076367281297503,0.23199862498502835,0.12980947947049426,0.48512045217576494,1.1522475076359557,8.068151311023893,12.0,0.056361508522786596,0.16752827210907925,0.9980170873361589,0.05057556955787593,1.0,0.056361508522786596,3.0,0.05336971599816942,1.0,0.11272301704557319,2,multi_facet_clast_3
27,course_block_clast,962484163,0.0015105303032098055,0.06857375269857022,0.15526820240693193,0.12707257267017286,0.15760003843598744,1.0150181169930992,1.2218860383817294,0.9284228823576623,0.07865687201716076,0.23177963233368504,0.09628050836096747,0.48577904357771706,1.4069576807513333,3.9273787883454943,10.0,0.06163099095012102,0.179318136001406,0.9973175326313644,0.050798157400861334,1.0,0.06163099095012102,1.0,0.050544735301360305,1.0,0.08217465460016135,2,multi_facet_clast_3
28,compact_block_clast,18653985,0.002142959159274991,0.08615014473919416,0.15778912515104598,0.16932956598911655,0.17301115535205483,1.0217421531876774,1.0731383790044042,0.9330481209257212,0.0603321417314901,0.23193432203302092,0.06532029217647661,0.46358558626121504,1.097884888973519,5.571693814114977,10.0,0.05457128760397735,0.16212622174058341,0.9995614972114893,0.050131555970256675,1.0,0.05457128760397735,3.0,0.0513458893014603,1.0000000000000002,0.10914257520795473,1,multi_facet_clast_2
29,wall_block_clast,341887373,0.0014325578431445083,0.06672188107882672,0.17415730307598942,0.12875302477968315,0.14261565647897217,1.2211653851740176,1.1076683963193112,0.921065722917527,0.08814463719987553,0.23329833288730775,0.13000009394462597,0.4479668014567898,1.380017632314195,3.7246503921757217,9.0,0.06980575039949077,0.20126546589852956,0.9927441429858912,0.05214325281446724,1.0,0.06980575039949077,2.0,0.0637449763092684,1.0,0.11634291733248461,6,multi_facet_clast_7
30,tie_bridge_clast,1614287090,0.0010903899372774895,0.05572639206164241,0.16101467580011075,0.11312543940309547,0.12510051170709036,1.2870824715498337,1.1058565815715824,0.9193433839456907,0.09165645122120389,0.23368559325278299,0.13000000020719216,0.47851659944632396,1.4470440267070002,2.835013836921473,11.0,0.06793978449979507,0.20000651483915213,0.9923673890807377,0.05221493713243502,1.0,0.06793978449979507,4.0,0.06745395394136046,0.9999999999999998,0.1358795689995901,8,multi_facet_clast_9
31,course_block_clast,573929478,0.001433947238037509,0.06657108540421182,0.1668825311854577,0.12116374976154118,0.14788356993708443,1.1284724277109093,1.220526520746756,0.923748900361684,0.08483748301937422,0.23214236695645654,0.13000003469658283,0.4795453257584022,1.5528851180416188,3.7282628188975235,9.0,0.06293928451609358,0.18179886694519026,0.9970437030311042,0.05088109076070724,1.0,0.06293928451609358,2.0,0.05829878310358626,0.9999999999999998,0.1048988075268226,2,multi_facet_clast_3
32,interlock_block_clast,1521573002,0.00025972097810365185,0.021261619691094736,0.07490576360317959,0.08095671148934541,0.09424083087375565,1.1640891674084184,1.0807808050422034,0.9258894424567723,0.08192813148632355,0.23202975434984213,0.15000001180201483,0.45446435840398564,1.2589852026343253,0.6752745430694949,10.0,0.06210697777810389,0.1855689685462497,0.9954616109315308,0.051339771015878326,1.0,0.06210697777810389,3.0,0.053034581506370256,1.0,0.12421395555620778,4,multi_facet_clast_5
33,cap_block_clast,401333717,0.0016506383422201728,0.07250008974350483,0.16739310822840153,0.14797526584121382,0.13740778140859755,1.131223568187566,1.0769060116122002,0.931637296246201,0.07226262661358332,0.23199445253383014,0.13000000538040757,0.48496891100057116,1.2222242991894983,4.291659689772449,10.0,0.06260525588010554,0.17605374700825427,0.998270372062124,0.05052594469096692,1.0,0.06260525588010554,3.0,0.05133792189700622,1.0,0.12521051176021109,2,multi_facet_clast_3
34,equant_clast,222825249,0.00044523725815572213,0.03018293191630986,0.10459983266737535,0.09690544828109789,0.092820286623362,1.0794009472404278,1.0440115173777937,0.9342225948930017,0.05780214776018471,0.23206799118821075,0.10131775691945122,0.4732268849424131,1.0991165345024712,1.1576168712048776,11.0,0.05883223501806785,0.1658749314939303,0.9993354635339289,0.050201282578847546,1.0,0.05883223501806785,3.0,0.0510115218222217,1.0000000000000002,0.11766447003613573,5,multi_facet_clast_6
35,chock_clast,1550664549,0.0006667526061609167,0.03983934277469743,0.10673678347098048,0.12938040615247154,0.10288421960149483,1.2121445104971464,1.0374456246488328,0.9264353266352111,0.08814187401533334,0.23196270200655594,0.1400034173274407,0.46928139097768545,1.2086489886609968,1.7335567760183832,11.0,0.06775840935051024,0.1839001385861223,0.9964525464145225,0.05106575204710153,1.0,0.06775840935051024,2.0,0.055402441568557524,1.0000000000000002,0.11293068225085041,7,multi_facet_clast_8
36,bearing_block_clast,1352221746,0.0010304533932291033,0.053495129839160355,0.14295989814041962,0.14246075747692594,0.11324300748399141,1.0035037063703283,1.258009307966012,0.9222644058532422,0.09631879060527346,0.23173172396100003,0.1376857931395179,0.4467941515829476,1.4646779294740588,2.6791788223956687,5.0,0.06977904962210198,0.19046383135446382,0.9972576093564068,0.05087200759759928,1.0,0.06977904962210198,0.0,0.0,1.0000000000000002,0.06977904962210199,9,multi_facet_clast_10
37,buttress_clast,1103117019,0.0027293386677930626,0.1019222199777498,0.20622604809227027,0.17818809586828094,0.15651022122801483,1.157350310565726,1.1385077247362925,0.9266595418481706,0.09174225696591819,0.23200615296398672,0.15000000915857403,0.4745615155953365,1.3901350638553809,7.096280536261963,8.0,0.06668492506433242,0.1874884002535417,0.9964420593966207,0.051085114808821386,1.0,0.06668492506433242,0.0,0.0,0.9999999999999998,0.0666849250643324,2,multi_facet_clast_3
38,bearing_block_clast,1549184804,0.0014412203484317756,0.06612778289284399,0.15975744388366833,0.1404178937861001,0.13374984735400786,1.1377285300050743,1.049854609661298,0.933083305556675,0.06044005666107875,0.2321246023603188,0.07378325996808499,0.4803452854515772,1.170084932517166,3.7471729059226164,9.0,0.07164769497122098,0.19190879892913437,0.9963101674914805,0.051151769016099934,1.0,0.07164769497122098,1.0,0.05202431143039915,1.0,0.09553025996162796,1,multi_facet_clast_2
39,course_block_clast,1283946385,0.0006290637389805132,0.03825241682077252,0.12732490013146452,0.09410754085108544,0.10717645786368954,1.1879931719090813,1.1388721551366876,0.9281575027933188,0.07135283164278716,0.23227511368123835,0.13000020334372175,0.4898436506905917,1.430163117276587,1.6355657213493342,11.0,0.06085284150711796,0.17436820104342565,0.9977370876369297,0.05066378134897213,1.0,0.06085284150711796,4.0,0.05397729732816206,1.0,0.12170568301423591,7,multi_facet_clast_8
40,compact_block_clast,46473079,0.0007497258283124566,0.042699723724213295,0.11447357962735018,0.11744867828849272,0.12053862317700334,1.0263088945191934,1.0259893913584905,0.9346751748323706,0.06971090731439726,0.23149463536154397,0.13016433632485414,0.4626183430775662,1.0097748299428622,1.9492871536123872,11.0,0.062422636285620836,0.1782071420296798,0.9964273854148822,0.051042670201794496,1.0,0.062422636285620836,1.0,0.050909516179699396,0.9999999999999997,0.08323018171416108,5,multi_facet_clast_6
41,wall_block_clast,121401642,0.0003568192950296553,0.026638536983461247,0.11320725481147853,0.08487718806527131,0.08616119821414153,1.3139006554913248,1.015127859182644,0.9132842661935353,0.12398067752022972,0.23261034542831402,0.13000074396117256,0.4309941332432391,1.2365452074093146,0.9277301670771038,10.0,0.07304103063112748,0.2053813971483635,0.9907199596003953,0.05273907472783518,1.0,0.07304103063112748,2.0,0.05975200360206871,1.0000000000000002,0.12173505105187915,0,multi_facet_clast
42,tie_bridge_clast,1645507671,0.0011446969411361785,0.05814840396541357,0.17053231745060413,0.11326282382290458,0.12563036899028668,1.3574131702485814,1.109193332374617,0.9100669450908984,0.11804182326436878,0.2343015758032862,0.12933879963035766,0.47173902806675,1.5198471015776696,2.976212046954064,11.0,0.07811992398764915,0.22079941421151866,0.9869108809693401,0.05383357699511873,1.0,0.07811992398764915,4.0,0.06799938700099174,1.0000000000000002,0.15623984797529833,8,multi_facet_clast_9
43,course_block_clast,316408656,0.00045742474089225467,0.0306722178541104,0.09554550785640595,0.09694220359989672,0.10405900194963086,1.0734127973726164,1.0146181204624487,0.9360205381548483,0.0457327719004932,0.23198090153375714,0.11337187584827046,0.47458808857512835,1.034325841994404,1.1893043263198622,7.0,0.056028077568528165,0.16642904848012346,0.9993426902859334,0.050198938755966885,1.0,0.056028077568528165,0.0,0.0,0.9999999999999998,0.05602807756852815,5,multi_facet_clast_6
44,interlock_block_clast,1975194908,0.00028354981629473484,0.02245324223653148,0.09085250689170368,0.091688814671078,0.07831522809869129,1.009205115059414,1.1600873686687494,0.9295897139882665,0.1060260950468466,0.23095974771864905,0.15000000729004492,0.4346401875838915,1.2625603568986334,0.7372295223663106,10.0,0.07161715003878057,0.2022780413228092,0.9900714595680643,0.05287226568473644,1.0,0.07161715003878057,0.0,0.0,1.0,0.07161715003878057,4,multi_facet_clast_5
45,cap_block_clast,251584705,0.0008793382236844898,0.04809303454894693,0.13929550246968586,0.12999979868686823,0.1059216115248893,1.071505524444759,1.2273208159821196,0.922938107710322,0.0969854749056461,0.2317279730908619,0.07190229027512296,0.45844959994077855,1.4896464053804679,2.2862793815796736,7.0,0.06596056036028448,0.18085629753777388,0.9975586725454472,0.050747641435892894,1.0,0.06596056036028448,1.0,0.055190942502141814,0.9999999999999999,0.08794741381371263,1,multi_facet_clast_2
46,equant_clast,1425569812,0.0007611421913924855,0.043254387796181404,0.12652495624641796,0.12141224046178499,0.10796414656418471,1.042110381664872,1.1245607391487635,0.9320327059132176,0.0637257204963918,0.23203231075435252,0.14905714478650212,0.4589311865020017,1.2283176981687394,1.9789696976204625,12.0,0.05578156563128036,0.16600819119757687,0.9988174681480384,0.05034817259406378,1.0,0.05578156563128036,4.0,0.05503906868482522,1.0000000000000002,0.11156313126256075,7,multi_facet_clast_8
47,chock_clast,1972926144,0.0008326781855477503,0.046158027047741086,0.1404199388819378,0.11799690666282919,0.1071954011235946,1.1900306783734713,1.1007646356654857,0.927303029520094,0.07382593820100346,0.23296904328814821,0.14000000043390282,0.46881514335656144,1.337115037714304,2.164963282424151,10.0,0.061182579813812255,0.1820511963318048,0.9962137760101847,0.05111218262226244,1.0,0.061182579813812255,2.0,0.06044296665649078,0.9999999999999999,0.10197096635635373,7,multi_facet_clast_8
48,bearing_block_clast,1404838514,0.0007484382542780429,0.04292351977494049,0.13429355177722332,0.11955392099827053,0.10034241140795414,1.123288560139872,1.19145951667645,0.9287370728952468,0.07484099030811239,0.23223396527985182,0.14000000640224708,0.4645713881114245,1.4809578524083027,1.9459394611229115,6.0,0.0696840754644177,0.19221121052794254,0.9969318888196814,0.05097530587590041,1.0,0.0696840754644177,1.0,0.05216348152888712,0.9999999999999999,0.09291210061922357,0,multi_facet_clast
49,buttress_clast,915900723,0.0009253109368384152,0.05050476047971675,0.1468915017091818,0.13945831562875521,0.10250931016612122,1.053300414872456,1.3604453625017705,0.9092366620972424,0.1200014835934692,0.23151163768515304,0.1500000218398696,0.440639370537998,1.7725210576075974,2.4058084357798792,8.0,0.06262744772310251,0.18222191985677003,0.9971745677106207,0.05084978921269973,1.0,0.06262744772310251,2.0,0.05806010975732651,1.0,0.10437907953850417,9,multi_facet_clast_10
50,bearing_block_clast,1944496409,0.0021659214392533346,0.08840608385767534,0.19954479119034557,0.1782306892705664,0.14083970477130747,1.1195871598040161,1.265486103936199,0.9157222603936788,0.10466862852729017,0.2321754012553926,0.14000000004613478,0.43240898724135785,1.6418612076860801,5.63139574205867,10.0,0.06985248602805266,0.19670375156847114,0.9940482100123016,0.05179813298360527,1.0,0.06985248602805266,2.0,0.0559033009453986,0.9999999999999999,0.11642081004675442,9,multi_facet_clast_10
51,course_block_clast,1063519912,0.0009371864256832492,0.04970205392143909,0.1366270734748577,0.12229455115124854,0.1275493021759685,1.0711706857193575,1.0429679897857518,0.9318094588926114,0.06470616020162705,0.23174418833593544,0.1206645086832503,0.4397481583493533,1.085744786631675,2.4366847067764477,11.0,0.05771142002447033,0.17083925647624448,0.9985534643151378,0.05043336094645621,1.0,0.05771142002447033,3.0,0.05415000668721602,1.0,0.11542284004894066,7,multi_facet_clast_8
52,compact_block_clast,1438680482,0.0007230543656811251,0.04185700419611847,0.11645464509503772,0.10052243932496832,0.1285996281709439,1.104289382926673,1.158494022598913,0.930743370020719,0.07590442752705329,0.23188295326089128,0.1290294343342442,0.4802986929181393,1.3794324641942906,1.8799413507709253,7.0,0.05685318535504067,0.16748538638844185,0.9993542609324293,0.05019586141739468,1.0,0.05685318535504067,0.0,0.0,1.0,0.05685318535504067,5,multi_facet_clast_6
53,wall_block_clast,680700001,0.0015008478243349584,0.06851245900009095,0.16955429123050283,0.1312029123258359,0.1364121368408902,1.2429560533038884,1.0397035738209641,0.9252782266997738,0.08003781822201389,0.2328459051833869,0.13000000113002796,0.4945741200617228,1.2432177151763422,3.902204343270892,11.0,0.06941736189069675,0.19793897130576207,0.9942204341255684,0.05174632180477316,1.0,0.06941736189069675,3.0,0.05947172736925225,0.9999999999999998,0.13883472378139347,8,multi_facet_clast_9
54,tie_bridge_clast,1891673234,0.0008433838933590321,0.04691074874012642,0.14808695614932027,0.10776964558861724,0.10829548871884978,1.3674342107987036,1.0048793250396295,0.9202276851131134,0.09199795397395855,0.23365787773819396,0.13000000709060644,0.4879796105408305,1.270660582241747,2.1927981227334836,11.0,0.06626745704085736,0.19558508914494555,0.9925026439417998,0.052150608419385625,1.0,0.06626745704085736,4.0,0.05666681147617468,1.0000000000000002,0.13253491408171475,8,multi_facet_clast_9
55,course_block_clast,1623795294,0.0009051391620167147,0.048771613854795545,0.1375743790310206,0.1226611899151206,0.1143494530607049,1.1215803395207538,1.0726871588096116,0.9278132455235879,0.07837662348617097,0.23208815158336182,0.07613044542334779,0.4690687809941972,1.1973941153555996,2.353361821243458,9.0,0.06459876581677731,0.17949087565064187,0.9975655274300048,0.05073381279611781,1.0,0.06459876581677731,1.0,0.05336472813587219,1.0000000000000002,0.0861316877557031,1,multi_facet_clast_2
56,interlock_block_clast,2040087010,0.000777555000117711,0.04513571142615314,0.12646612137896215,0.13984528652139738,0.0942836937851162,1.105792484157428,1.3413360921899555,0.9059785414079574,0.12229188811841225,0.2310740954471746,0.15000006393263288,0.4663076039423689,1.8024646923138883,2.0216430003060486,9.0,0.1051513938488791,0.23525925497231065,0.987184253535229,0.05712218644878584,1.0,0.1051513938488791,2.0,0.06393857538993672,0.9994742832018448,0.1751601899913055,3,multi_facet_clast_4
57,cap_block_clast,1710212488,0.00045239695109208837,0.03061768952684651,0.11289323541728499,0.09117100405473189,0.0903955964836907,1.2382581127384842,1.0085779352225537,0.9308038176789398,0.07211766691250099,0.23230779711768582,0.13000221288068148,0.4862367021153485,1.1724336200999828,1.1762320728394298,12.0,0.058234191478781866,0.17035226870574222,0.9981178985147343,0.05054685878413113,1.0,0.058234191478781866,4.0,0.05270701377538201,0.9999999999999999,0.11646838295756372,7,multi_facet_clast_8
58,equant_clast,1040573907,0.0012766251184459273,0.06160877031316025,0.15754672867012018,0.14325813154804715,0.12069406416217364,1.0997402169613024,1.186952585800365,0.9237416111514744,0.08669024250534077,0.2318384802668225,0.1500000982430929,0.4686501940442463,1.431223163831481,3.319225307959411,10.0,0.058410382653926674,0.17461597555013636,0.9975484978514626,0.0507264785987492,1.0,0.058410382653926674,2.0,0.05541236332542776,1.0,0.09735063775654444,2,multi_facet_clast_3
59,chock_clast,1102420223,0.0007386915755507446,0.042810641013561274,0.14042587617550278,0.11448386947377659,0.10190055104641804,1.2265996670183166,1.123486264776199,0.9230838609294514,0.08773725236396526,0.232782162022032,0.14000065800906558,0.45091550747677484,1.4291556643895151,1.920598096431936,9.0,0.06335884780211089,0.18636338939231936,0.996340287121108,0.0510963205670774,1.0,0.06335884780211089,3.0,0.06139312578342652,0.9999999999999997,0.12671769560422172,0,multi_facet_clast
60,bearing_block_clast,1098028420,0.003253368850783907,0.1148826849468091,0.20860633236727288,0.20273374399162236,0.15885132650991202,1.0289670000663196,1.2762483540165601,0.9242406880254177,0.07502607764644634,0.23263248975116677,0.14000000099471666,0.48427152123763834,1.5490196262604405,8.458759012038158,8.0,0.07645161194259664,0.2007848005026939,0.9946331796224371,0.05168130242444477,1.0,0.07645161194259664,2.0,0.0592555169034211,1.0000000000000002,0.1274193532376611,9,multi_facet_clast_10
61,buttress_clast,1390830736,0.0019241448018695213,0.08225756587415682,0.19740951939109677,0.16654238251722742,0.13165325201519895,1.1853410309575487,1.2650077378871023,0.9094945586886976,0.12588962045447671,0.23143916261545724,0.15000008244480711,0.4445425087912336,1.725161617440173,5.002776484860756,8.0,0.07492210972488923,0.20472446689707358,0.9945449442502601,0.05175997805122487,1.0,0.07492210972488923,1.0,0.05111551053446809,1.0,0.0998961462998523,9,multi_facet_clast_10
62,bearing_block_clast,1235137004,0.0022882632711981117,0.09121055504347705,0.2020044263442272,0.16713762839100188,0.1440723407895162,1.2086113000937042,1.1600951818724394,0.9206820707042268,0.10409707340976976,0.23233697249697643,0.10006357992796544,0.4704248511566248,1.4975577617662044,5.94948450511509,10.0,0.06213980204241151,0.17788573235072902,0.998090733853876,0.05057455682325258,1.0,0.06213980204241151,3.0,0.05208074381752519,1.0000000000000002,0.12427960408482305,6,multi_facet_clast_7
63,course_block_clast,1534627364,0.0003859749248782292,0.027565313316359415,0.10532489506817252,0.0877686778484059,0.08911665383909424,1.1818766810785253,1.0153582806957233,0.9300234921982363,0.07651899921979716,0.23193557201457693,0.13000000184824057,0.4685216119973176,1.133195165036142,1.0035348046833958,10.0,0.05693414336254085,0.16864470936159473,0.9986925447368452,0.050387610853362096,1.0,0.05693414336254085,2.0,0.05248971192476327,0.9999999999999999,0.09489023893756807,5,multi_facet_clast_6
64,compact_block_clast,1936687617,0.00034083422081655,0.02527646184074156,0.08606186552666675,0.09257358232807797,0.09083290744906836,1.0191634830139686,1.0554373518771014,0.9335336369710849,0.05731903255095966,0.23190575260679153,0.06695374673292087,0.47097965942222497,1.059836189303656,0.88616897412303,11.0,0.05596388058694628,0.16767300211942016,0.9980822057021286,0.05056533894928275,1.0,0.05596388058694628,1.0,0.05184705285035182,0.9999999999999999,0.07461850744926168,5,multi_facet_clast_6
65,wall_block_clast,822859592,0.0012575488005740704,0.06134545402699331,0.16617740018990196,0.1233613766920959,0.1313202105298965,1.2654365959310567,1.0645164155201143,0.9184417927358417,0.10586728456397795,0.23264556655300372,0.1300000008710691,0.46713467888299076,1.3170332925796995,3.269626881492583,9.0,0.06677123847011428,0.19163719835475193,0.9958646628344255,0.05125732348725248,1.0,0.06677123847011428,3.0,0.06259700941934161,1.0,0.13354247694022855,6,multi_facet_clast_7
66,tie_bridge_clast,2102252613,0.0017950716253990508,0.07730568053366214,0.1867411786578484,0.13465157626201102,0.14596928454375513,1.2793183116676279,1.084051806862785,0.9239757464947836,0.0798064237476636,0.23345315775544406,0.13000000052786365,0.48906745694969705,1.3891183972743688,4.667186226037532,13.0,0.06866914550610463,0.19362000091302134,0.9937219119035979,0.05182115312670693,1.0,0.06866914550610463,5.0,0.05863919119509774,1.0,0.13733829101220926,8,multi_facet_clast_9
67,course_block_clast,878718944,0.001500014600270348,0.06781588431090434,0.1552420814852536,0.15148498993979076,0.13350496886113206,1.0248017413933626,1.1346767931713537,0.9344362675790395,0.047622258599108194,0.23227724494515548,0.1300000017888996,0.47777013280739605,1.2329171280200857,3.900037960702905,7.0,0.06135491075326713,0.17399237795007524,0.9988498667586025,0.05035432222468058,1.0,0.06135491075326713,2.0,0.05200260509439322,1.0,0.10225818458877854,2,multi_facet_clast_3
68,interlock_block_clast,69040140,0.0004539335944916673,0.030978540283069088,0.11690556212867753,0.09226385058118933,0.10037472456666781,1.1646912370955511,1.0879095543312618,0.9220434590321265,0.10151237263494604,0.23138462646106053,0.15000007490508116,0.41927716313081775,1.2710065275630353,1.180227345678335,9.0,0.11036415483980834,0.24238824726140518,0.9842809421235122,0.058200621294584975,1.0,0.11036415483980834,0.0,0.0,0.9988290036718888,0.11023491881973582,3,multi_facet_clast_4
69,cap_block_clast,384153181,0.00039647275882709354,0.028186437272584873,0.11184795927347164,0.0867647490387703,0.08616118452572848,1.2890944826394077,1.0070050628524216,0.9259470973291399,0.07840319170580042,0.23327519211501813,0.13000000209208817,0.4741658937032515,1.2104148195494298,1.0308291729504433,12.0,0.05941866245379692,0.17725438096343216,0.9953343310148016,0.0513156137989927,1.0,0.05941866245379692,5.0,0.05716270229865512,1.0000000000000002,0.11883732490759387,7,multi_facet_clast_8
70,equant_clast,1888992824,0.00038480145871502803,0.02745328197858653,0.08440237577198975,0.10403810212515069,0.09595932846226377,1.0841895602266947,1.1369268647306179,0.9319250667487696,0.06946443120741656,0.23210774536348427,0.12801512860226527,0.45666993129298356,1.3060243431353447,1.0004837926590728,9.0,0.061952874131748645,0.17645807596779994,0.9975188019412771,0.05073440797605144,1.0,0.061952874131748645,1.0,0.054294107511079284,1.0000000000000002,0.08260383217566487,5,multi_facet_clast_6
71,chock_clast,574601520,0.0002476104834486028,0.02054670301819434,0.08961853637507713,0.08568762670299263,0.08201970476037446,1.0458748809289546,1.044720009092135,0.9280855257176486,0.10993369384809176,0.23042583617975892,0.14000000140059932,0.3931288041226934,1.059418511920419,0.6437872569663673,9.0,0.07174726243778928,0.20964507170696833,0.9907428092220322,0.05277759171315027,1.0,0.07174726243778928,0.0,0.0,0.9999999999999998,0.07174726243778927,0,multi_facet_clast
72,bearing_block_clast,209351048,0.002933531941623462,0.10901545963487062,0.21690770813792015,0.19921452454004762,0.14678610589322033,1.0888147269317991,1.3571756218191822,0.9090544878320751,0.11063541992698536,0.2323239477837305,0.13992917273611805,0.4624980301663767,1.8231231327113222,7.627183048221001,12.0,0.06427663977113496,0.1849901910293064,0.9957868880096927,0.051243911104538936,1.0,0.06427663977113496,4.0,0.060301300926525025,0.9999999999999998,0.1285532795422699,6,multi_facet_clast_7
73,buttress_clast,78356477,0.0017636804652890817,0.0770568903406354,0.1778023688826824,0.17702583276104805,0.13400610656076395,1.0043865695165661,1.3210281031542184,0.9161204589845192,0.1043378960124237,0.2319824804863434,0.15000001280504716,0.4181394334368429,1.6057487488424718,4.585569209751612,9.0,0.0727025699631677,0.2002828839328185,0.9930734875789619,0.052061275467678955,1.0,0.0727025699631677,1.0,0.05309808808319458,1.0000000000000002,0.0969367599508903,9,multi_facet_clast_10
74,bearing_block_clast,46453445,0.0025822539979044544,0.09825187281836552,0.20267845947145366,0.18334347130505604,0.1487262153326649,1.1054577402116876,1.2327582658844687,0.9264228524200937,0.07572107653201196,0.23219512978558804,0.14000011058578732,0.4672382488933966,1.5563499311004587,6.713860394551581,8.0,0.06636555616026962,0.18543443381616095,0.997256375170906,0.05084877212550655,1.0,0.06636555616026962,3.0,0.056713968816937084,1.0000000000000002,0.13273111232053927,9,multi_facet_clast_10
75,course_block_clast,424325772,0.0004767658319976974,0.031762964752735906,0.11340401642779145,0.09294533533959354,0.1029937622415967,1.1010765502650053,1.1081111479698182,0.9291799734192318,0.08756385018428516,0.23128518625195135,0.13000000263508826,0.439175562296154,1.2562729321959107,1.2395911631940133,9.0,0.061298596092640406,0.1789110423113397,0.9967020120754546,0.050968414900383695,1.0,0.061298596092640406,0.0,0.0,1.0,0.061298596092640406,5,multi_facet_clast_6
76,compact_block_clast,1179400947,0.0011472621917177862,0.056613885296268,0.13731358393561643,0.13673713539067167,0.1296916293940894,1.0042157424411282,1.0543250634562802,0.9361302621844034,0.04261281197263669,0.2320248537825752,0.07865090990133439,0.47114084348154084,1.04499057031282,2.9828816984662443,10.0,0.05585304755888699,0.16423498766186606,0.9994776960474593,0.05015653442852472,1.0,0.05585304755888699,1.0,0.05123949047408192,1.0,0.07447073007851598,1,multi_facet_clast_2
77,wall_block_clast,142236005,0.0005672556271252434,0.035797170585765724,0.12048099029849733,0.09680583371587503,0.10178799963837297,1.1836463112207316,1.0514655546185427,0.9257377311258528,0.08929032664141659,0.23204743876536607,0.1300000015366043,0.47781763569232766,1.211434713229451,1.4748646305256328,8.0,0.06033516509783397,0.17778378391975638,0.9977819815180379,0.05066374930941371,1.0,0.06033516509783397,2.0,0.058107335991839267,1.0,0.10055860849638995,5,multi_facet_clast_6
78,tie_bridge_clast,1138432178,0.0013086320605971832,0.06281484420781774,0.17066081441724307,0.1219482156988668,0.12619302616533037,1.3523791258770015,1.034808303197691,0.9210860569744546,0.09793295706870138,0.2332607935793115,0.13000004653340902,0.4982794046573904,1.33388526949097,3.4024433575526762,11.0,0.06669351577555208,0.19219517985837722,0.9941687726243347,0.05170510408196029,1.0,0.06669351577555208,4.0,0.05405230968529087,1.0,0.13338703155110415,8,multi_facet_clast_9
79,course_block_clast,120218177,0.00046372954088859093,0.031101707716796677,0.10954764196954549,0.09487788143818132,0.0991034508530993,1.105386755219327,1.0445369284270032,0.9315576368304764,0.07063628360082211,0.23186162875025607,0.13000000089736807,0.45020257327921454,1.1234961388432354,1.2056968063103364,7.0,0.06143206637623617,0.1792506317088828,0.9979227526170277,0.05063687829546422,1.0,0.06143206637623617,0.0,0.0,0.9999999999999998,0.061432066376236154,5,multi_facet_clast_6
80,interlock_block_clast,1090037608,0.0005253677515606362,0.034661753819764336,0.12890587910758383,0.10285114342402503,0.0898071583669746,1.253324706135184,1.1452443802280152,0.9083973636950723,0.12802439966993634,0.2328095660762134,0.15000016240133718,0.4412356628707551,1.4932612819547766,1.3659561540576541,10.0,0.06266583519468569,0.18630087325953928,0.9933361775014138,0.051927504920778994,1.0,0.06266583519468569,2.0,0.062084324083504165,1.0,0.10444305865780946,0,multi_facet_clast
81,cap_block_clast,1909628583,0.0004890514969391502,0.03259548292249801,0.12008242858507301,0.09982838361298284,0.08412065782553148,1.2028886398743224,1.186728518219979,0.9209366706727955,0.11329540711951268,0.23201274815998893,0.13000000331497708,0.48497397128876185,1.560119797083568,1.2715338920417905,11.0,0.05992602934045491,0.17712334817144915,0.9968199909612285,0.050929408475138285,1.0,0.05992602934045491,1.0,0.05323036674753592,1.0,0.07990137245393988,4,multi_facet_clast_5
82,equant_clast,1955236066,0.0009434484611624353,0.04983656202373281,0.13329577001856924,0.12420846924044704,0.12325637327407415,1.073161684011504,1.0077245171270437,0.9334294593543122,0.05036699492642138,0.232124034699589,0.09816019088717565,0.46231844244119025,1.017256119222925,2.452965999022332,13.0,0.05760264308438788,0.16832939820985182,0.9986178577889777,0.05040585027983256,1.0,0.05760264308438788,5.0,0.053207589146917915,1.0,0.11520528616877576,7,multi_facet_clast_8
83,chock_clast,1745778841,0.00034302880616321073,0.025705501459438864,0.10067416213869934,0.09082369624832179,0.0828237630388434,1.1084570029328615,1.096589830212454,0.9218885873834183,0.1058501530605326,0.2311688905876283,0.14000001591429534,0.45295852428587485,1.2288127755661875,0.8918748960243479,12.0,0.05929204982596536,0.17564591176439423,0.9973036641506692,0.050791594586881005,1.0,0.05929204982596536,3.0,0.05207835309825158,1.0,0.11858409965193072,4,multi_facet_clast_5
84,bearing_block_clast,803288692,0.0019614192100836487,0.0834314437959754,0.20243022858609122,0.17575413466098017,0.12735277772781248,1.1517807474433972,1.3800573320561138,0.9082414431737155,0.11285018108314578,0.23259874978853673,0.14000000003084279,0.43289352141349546,1.992348867589007,5.099689946217486,8.0,0.07420380361580618,0.20533410416091252,0.9935352247151058,0.051996855420996746,1.0,0.07420380361580618,2.0,0.05996298527876691,0.9999999999999999,0.12367300602634361,9,multi_facet_clast_10
85,buttress_clast,997548572,0.001163696067953628,0.05935576692767967,0.16793355593395515,0.15095968461577716,0.09830534106801966,1.1124397640428298,1.5356203739868497,0.9013931393290142,0.12995363876496105,0.23259531532182304,0.14900732551102958,0.4669431283728853,2.364604346692364,3.025609776679433,8.0,0.06930299888358034,0.19657340872891976,0.994588461340585,0.051663273500326734,1.0,0.06930299888358034,2.0,0.06351458124258634,1.0,0.11550499813930055,9,multi_facet_clast_10
86,bearing_block_clast,287541145,0.00226319196102979,0.09244039219366924,0.2174265037195637,0.18252618549277605,0.1318329637235342,1.1912071856022484,1.3845261483732565,0.9017855520636959,0.15074353153023598,0.23200591818916178,0.14000000016523195,0.4325733064168114,2.059173317729979,5.884299098677454,12.0,0.06678230213381638,0.19045220461445742,0.9951764019999798,0.05140607161804414,1.0,0.06678230213381638,4.0,0.0534933200213903,1.0000000000000002,0.13356460426763278,6,multi_facet_clast_7
87,course_block_clast,610636169,0.001523057214497219,0.06873001968311238,0.15844811241040818,0.13894077017834142,0.14730769988022552,1.0756268174660308,1.0602193991809927,0.931426239272639,0.06764368461975268,0.2318575385983743,0.11718357526026679,0.4696496446658611,1.126163850676388,3.959948757692769,11.0,0.05889302700566986,0.16801191194314985,0.9988385212625212,0.05034803100375135,1.0,0.05889302700566986,2.0,0.05206205954868899,1.0,0.09815504500944976,2,multi_facet_clast_3
88,compact_block_clast,763138216,0.0008434697311623801,0.046081189519670246,0.12484578016514383,0.11815406763949934,0.12400241168422357,1.0068012264395947,1.049497610717628,0.9368572988236024,0.03901285015087203,0.23208711182746214,0.09452068320774099,0.4611230431662085,1.0389151727832655,2.1930213010221884,9.0,0.055549294598271466,0.16236456924356002,0.9995791006658779,0.05012650379130553,1.0,0.055549294598271466,2.0,0.05093131365836734,1.0,0.09258215766378577,1,multi_facet_clast_2
89,wall_block_clast,198723603,0.0004953313624010298,0.03285865271708452,0.11918005470385079,0.08511858614143772,0.09869746562923559,1.2075290276607464,1.1595289595768714,0.9213647438410663,0.08408827354742791,0.2332199044997615,0.13000000360007347,0.4947227068258351,1.4958648902479355,1.2878615422426773,8.0,0.06778448648635987,0.20171405112793916,0.994173203515862,0.05178884714906115,1.0,0.06778448648635987,3.0,0.06642516273480766,1.0000000000000002,0.13556897297271978,7,multi_facet_clast_8
90,tie_bridge_clast,1113033251,0.0012658703541097412,0.06182023502018162,0.17347829719627123,0.12455566547208757,0.12128420641563967,1.3927772497441877,1.0269734959986188,0.9154043223925512,0.1144454966497506,0.23364158482790057,0.13000553071250476,0.48303248742830573,1.3446618826052887,3.291262920685327,13.0,0.06570665085290375,0.19086348000896308,0.9926065324220391,0.05209658233028964,1.0,0.06570665085290375,5.0,0.060024262023641084,0.9999999999999999,0.13141330170580748,8,multi_facet_clast_9
91,course_block_clast,1266174462,0.000529236557049408,0.03417878671132675,0.12078387940454176,0.09965087092939517,0.09730746582243283,1.2120704844628982,1.0240824800764887,0.9257506795641375,0.08954346636772431,0.23196105108731058,0.13000000168985704,0.45187009451669313,1.1767705411520164,1.3760150483284608,11.0,0.05908898036008062,0.17549477288189522,0.9963830254669115,0.051033049209868585,1.0,0.05908898036008062,3.0,0.056692411079844296,1.0,0.11817796072016123,7,multi_facet_clast_8
92,interlock_block_clast,1874991606,0.0015201424365354555,0.07026315016096019,0.12041359086910845,0.17960856161027883,0.15803481922429252,1.136512589389352,1.3124334062595888,0.9099398735343028,0.12261005738809494,0.23143366496579887,0.14995567069691162,0.4447633128500573,1.781318176994064,3.9523703349921844,10.0,0.07493016219201026,0.20733189390661796,0.9919144453902531,0.052450471942872466,1.0,0.07493016219201026,2.0,0.05281471584999189,1.0000000000000002,0.12488360365335045,9,multi_facet_clast_10
93,cap_block_clast,2117836183,0.001466067319093014,0.06852172303122811,0.17978021066944216,0.13870154716032154,0.12756288556682166,1.2961658636845548,1.0873189842328008,0.9108044096123267,0.13126747003940495,0.23172812865095876,0.1300000002214503,0.4608996597643501,1.3957243186179766,3.8117750296418365,10.0,0.060155696364135,0.17383570560322512,0.9980159641122883,0.05058229424013387,1.0,0.060155696364135,3.0,0.05285495063140529,0.9999999999999998,0.12031139272826998,6,multi_facet_clast_7
94,equant_clast,849096304,0.0009792312525165549,0.05122062772595429,0.13391236797472175,0.13470629708940282,0.11131900378389684,1.0059287213473138,1.20296053165087,0.9310279916017338,0.07290942349375856,0.2317115052539282,0.13830842456993886,0.48764903234586665,1.3552914670233125,2.5460012565430428,10.0,0.060610228534382714,0.17164932392144788,0.9984092831682425,0.05047710613426838,1.0,0.060610228534382714,0.0,0.0,0.9999999999999999,0.06061022853438271,2,multi_facet_clast_3
95,chock_clast,2129037471,0.00035182694221562054,0.025868033786557946,0.09877580322239708,0.08834478732286574,0.08828809296029663,1.1180716623541131,1.0006421518538702,0.9316942906679399,0.07595159151231883,0.23173543158297388,0.08452489626447535,0.4566626139065121,1.0430392743643062,0.9147500497606134,12.0,0.06046893897854429,0.17826401171860973,0.9972787700262733,0.050803397406772435,1.0,0.06046893897854429,2.0,0.05359346226865708,1.0000000000000002,0.1007815649642405,5,multi_facet_clast_6
96,bearing_block_clast,1569646883,0.0014459427298768445,0.06708678867805039,0.17600947629337232,0.14610292651761136,0.1308245048607591,1.2046950768789426,1.1167856256984392,0.9217529063936527,0.1010969587913659,0.2318578710330085,0.14000002236509412,0.42980060887555993,1.3849410310620542,3.7594510976797957,7.0,0.06595684168151263,0.1873201619076412,0.9974030317428164,0.05080853488493315,1.0,0.06595684168151263,0.0,0.0,0.9999999999999998,0.06595684168151261,9,multi_facet_clast_10
97,buttress_clast,1628449251,0.0009002232494578947,0.04866967054033849,0.12881589796651102,0.1419380378321437,0.11218310441029117,1.1018673942640536,1.1482646931875602,0.9263871765963856,0.08343730271718827,0.2319625846957504,0.15000000324108198,0.4388888104174457,1.3458786050697653,2.340580448590526,11.0,0.062152391425334234,0.1798999778722538,0.9973255080791555,0.05079086859135702,1.0,0.062152391425334234,3.0,0.055509037766565836,1.0000000000000002,0.1243047828506685,7,multi_facet_clast_8
98,bearing_block_clast,1155624402,0.0018570944145352762,0.08007566876710083,0.18916527504869518,0.1793983265731524,0.13420338409297378,1.0544428070323173,1.3367645516961657,0.9124439709887854,0.14449202463089764,0.22996471371829044,0.13843838497180938,0.40776571998724614,1.7192501675610776,4.8284454777917185,9.0,0.08840419359226442,0.2371822913165182,0.9856135319043212,0.05460129218740398,2.0,0.16948997136192834,0.0,0.0,1.0,0.16948997136192834,3,multi_facet_clast_4
99,course_block_clast,956162506,0.0010222567570186258,0.05308483392354037,0.1507974980227409,0.1208936960669717,0.12914477932504115,1.1676623616600295,1.0682507320604921,0.9244575806755504,0.09023496470025118,0.23204955324958404,0.13000000025729852,0.4341955258899566,1.2318296908617836,2.657867568248427,10.0,0.059954147285358014,0.1747397362749415,0.9971616021542202,0.050826304143502664,1.0,0.059954147285358014,2.0,0.05728562412534764,1.0,0.09992357880893002,0,multi_facet_clast
100,compact_block_clast,2000200031,0.001836349362989683,0.07757286761228757,0.15355181885228797,0.16111189848793916,0.15605998747795746,1.0323715969200322,1.0163343465705363,0.934855492778751,0.055745678996821674,0.23185195169959036,0.0625018432339266,0.47564305575160226,0.9969049142335868,4.774508343773175,9.0,0.058658665281077306,0.16679650274853478,0.99920749542811,0.05023954799270129,1.0,0.058658665281077306,1.0,0.050295669959173145,1.0000000000000004,0.07821155370810311,1,multi_facet_clast_2
101,wall_block_clast,1021005715,0.0011390349924252211,0.05713578467144763,0.16092533562938016,0.12177064589463396,0.12147082734203754,1.321544568044963,1.0024682350417535,0.9231394396502401,0.0957658418927229,0.2329823812954045,0.1300000004238424,0.4785177407402032,1.2259996892727492,2.961490980305575,13.0,0.06274746913742307,0.17855685667590798,0.9957478098232199,0.0512297362040114,1.0,0.06274746913742307,5.0,0.055423636903955784,0.9999999999999999,0.12549493827484612,8,multi_facet_clast_9
102,tie_bridge_clast,2079894620,0.001090156432195916,0.056211425507317406,0.16673176892735667,0.10776731993586092,0.12529388923939405,1.3307254642625779,1.1626334339015232,0.9112804916849614,0.10255753764206157,0.23371676635954455,0.13000030267905394,0.4842320054718485,1.6391781497447742,2.8344067237093817,11.0,0.11991561892917478,0.2783526729580029,0.9738902363376759,0.06161720159405994,1.0,0.11991561892917478,3.0,0.07968923877778278,0.9987155933026184,0.23952319701020297,3,multi_facet_clast_4
103,course_block_clast,576242146,0.0005237597447774807,0.03394276670269738,0.11806720074148869,0.08743757761931012,0.1062769342084065,1.1109390915432482,1.215460641774868,0.9257455424428652,0.09008179537556564,0.2316662331681666,0.13000013082872397,0.47738164264352806,1.5193704626130156,1.36177533642145,9.0,0.07143440616951562,0.19738804406280974,0.9950897244271988,0.05150293371386801,1.0,0.07143440616951562,2.0,0.0535170916296085,1.0,0.11905734361585935,4,multi_facet_clast_5
104,interlock_block_clast,762431532,0.0009581249647976774,0.05139951150986739,0.11802645997334281,0.1525848839176771,0.12606574215518884,1.2103596211716487,1.0681142362794052,0.9144077615966312,0.14319118479281556,0.23137130289313143,0.15000138303843613,0.4220211129172853,1.2626696380730145,2.491124908473961,10.0,0.07714807319934133,0.19994902568158296,0.9908063089690705,0.052724942571738743,1.0,0.07714807319934133,1.0,0.05482307898783001,1.0000000000000002,0.1028640975991218,0,multi_facet_clast
105,cap_block_clast,1409810670,0.0005907346760841963,0.03669255416685621,0.12124782293528921,0.1005411544356841,0.10381688617814326,1.1679007856894836,1.0325810038769212,0.9278999619267008,0.08272543856017549,0.23199137970045605,0.13000000039282056,0.46677399111383316,1.155461208713175,1.5359101578189105,11.0,0.05827006033636533,0.169323963362154,0.9980851528853605,0.050558938007904675,1.0,0.05827006033636533,2.0,0.053360264581465866,1.0,0.09711676722727554,7,multi_facet_clast_8
106,equant_clast,7140259,0.0003921225725287397,0.027848745789703755,0.10373628566243395,0.09326150933297697,0.08748341948133373,1.1123161785003746,1.0660478281015995,0.9303071934750741,0.07383531124637084,0.232038181090549,0.0705666106102385,0.46330070344536256,1.176001870496222,1.0195186885747232,9.0,0.05747945031369902,0.16863643716594007,0.9985959592727589,0.050420074928888114,1.0,0.05747945031369902,1.0,0.053528222973007196,0.9999999999999999,0.076639267084932,5,multi_facet_clast_6
107,chock_clast,1014323080,0.0003939643689106461,0.027997779193297732,0.10206849834106319,0.09784037250935027,0.08540900042810881,1.0432145312131642,1.1455510779769082,0.9282504540776351,0.08904359082248589,0.23221205686165408,0.1226958606164017,0.46189523592672754,1.2707722275494024,1.02430735916768,8.0,0.06801648518407491,0.19689686708880152,0.9934647208901695,0.051974265324213426,1.0,0.06801648518407491,0.0,0.0,1.0,0.06801648518407491,5,multi_facet_clast_6
108,bearing_block_clast,1605693373,0.0011046845470388993,0.05652157431291221,0.15694477680194802,0.13776764258827542,0.10912458387751964,1.1391991171031668,1.2624803476263833,0.9143140507722556,0.11020521799728014,0.2322175560239609,0.10872441679579414,0.4681894082024862,1.6601383663905471,2.8721798223011383,10.0,0.06798181600867004,0.1936532834981618,0.9954778497916142,0.05137968650304178,1.0,0.06798181600867004,2.0,0.055437743670332724,1.0,0.11330302668111672,9,multi_facet_clast_10
109,buttress_clast,114747799,0.0019805108228061444,0.08274648470623565,0.1822228002746007,0.1716631207106526,0.141404091846055,1.0615139671248726,1.2139897683975103,0.9216924959615225,0.08659623986434889,0.2318528817614079,0.15000000428155236,0.447749926647834,1.441922164060134,5.149328139295975,8.0,0.06696837486632479,0.18387407977831083,0.9977818291570948,0.050699206787762456,1.0,0.06696837486632479,2.0,0.05296959077898844,1.0000000000000002,0.11161395811054133,9,multi_facet_clast_10
110,bearing_block_clast,767438781,0.0015408383891055521,0.06989891312081052,0.1664697838717989,0.15827834130571172,0.12010977021483782,1.0517534016247083,1.317780735260775,0.9229647082752493,0.08237547580466366,0.23216033893284138,0.14000004685343925,0.4868799023720959,1.6857195708983428,4.006179811674436,8.0,0.06917021840968397,0.1850915963314225,0.9974286833457375,0.0508037902363736,1.0,0.06917021840968397,2.0,0.05787973626282078,1.0000000000000002,0.1152836973494733,9,multi_facet_clast_10
111,course_block_clast,1811700983,0.0007355521486754987,0.04228936097699462,0.12663853846623474,0.10710838918022747,0.11427689018124254,1.1081727746124934,1.0669275399983178,0.931812747501405,0.06512391482602686,0.23222699886531384,0.1300000175355367,0.4745321891243537,1.175454910710968,1.9124355865562965,10.0,0.06125905423035843,0.17829383842148522,0.9977782577291187,0.05066732656370164,1.0,0.06125905423035843,2.0,0.05479545825158252,0.9999999999999999,0.10209842371726402,7,multi_facet_clast_8
112,compact_block_clast,833387472,0.0010494540080628308,0.0533482438104909,0.13335409018986374,0.12365495958968527,0.1335543227432824,1.0015015104008702,1.0784370528473937,0.9361374171306492,0.043467815990389486,0.23213199021807027,0.06608409154102302,0.47652707437162933,1.090387375546601,2.72858042096336,9.0,0.060043015649076575,0.17284315240222564,0.9986131190178311,0.050419623242564285,1.0,0.060043015649076575,1.0,0.05004226994791958,1.0,0.08005735419876876,1,multi_facet_clast_2
113,wall_block_clast,1871016874,0.00118956853400686,0.0591009045503934,0.1654713103272218,0.12740573251527942,0.12088050793689933,1.2987744511996528,1.0539807839141966,0.9186490745255632,0.10351329637418409,0.23328286597361264,0.13000000223764796,0.4667899708553282,1.325405488094059,3.092878188417836,12.0,0.06121253586625775,0.1815347441510582,0.9950002242087609,0.05141531967243329,1.0,0.06121253586625775,5.0,0.05713926549799803,0.9999999999999999,0.12242507173251549,8,multi_facet_clast_9
114,tie_bridge_clast,1173513801,0.0006660950682074662,0.040575292107098454,0.14178685417620274,0.09617913706492424,0.10889588124144622,1.302040559842938,1.1322193623752077,0.9090336253999635,0.10556026533436823,0.23468107623106416,0.13002395985280657,0.4485469637262925,1.517279592307206,1.731847177339412,12.0,0.0816660807049958,0.22378866367704173,0.9849916334079886,0.05441699050914953,1.0,0.0816660807049958,5.0,0.06099520161095924,1.0,0.1633321614099916,8,multi_facet_clast_9
115,course_block_clast,2009089760,0.0009725388842078717,0.05069166976684188,0.12550562005481675,0.1312875982537878,0.12828344732474997,1.0234180714011591,1.0221330906832695,0.9364519760872961,0.05091393428933915,0.23191813895448476,0.08827458661270415,0.4600970779772384,1.0012752673170369,2.5286010989404666,10.0,0.05820189235862014,0.1724298316125578,0.9985961462325991,0.050421831081527604,1.0,0.05820189235862014,1.0,0.05049550553802804,1.0000000000000002,0.07760252314482687,1,multi_facet_clast_2
116,interlock_block_clast,1677752603,0.0004007211521057311,0.02840671982813475,0.0970358610612296,0.10866732712809918,0.08169658382173195,1.1198677060177795,1.1877591023018674,0.9253184353173216,0.08387774956650894,0.23215256716285154,0.15000000037612038,0.46516509817259927,1.4618899157466956,1.041874995474901,10.0,0.06191967571714319,0.17547144111788232,0.9980265493731795,0.050584275622485325,1.0,0.06191967571714319,4.0,0.055291316202127926,1.0,0.12383935143428638,4,multi_facet_clast_5
117,cap_block_clast,620793161,0.0007401906513178398,0.042576648712240046,0.13321663338023204,0.10552051425278934,0.11032097628772165,1.2075367519663494,1.0454931637599123,0.929412224822448,0.06956006448497716,0.23260983919102612,0.13000249559698696,0.47729858404158615,1.2267360639755447,1.9244956934263835,10.0,0.06121291198480389,0.17998358419140306,0.9968950289154982,0.05092150948293668,1.0,0.06121291198480389,3.0,0.053564594264823066,1.0,0.12242582396960779,7,multi_facet_clast_8
118,equant_clast,1254909882,0.0013716164848803286,0.06394847766702096,0.14572574734920923,0.14766794879191006,0.13230662862741704,1.0133277850896631,1.1014243871301503,0.9335603072086819,0.05883644411336079,0.23198105636937674,0.11466607888634672,0.48175758315538936,1.1476295059673092,3.5662028606888545,9.0,0.058251544921086924,0.16927658639177445,0.99872755858573,0.050381112244487214,1.0,0.058251544921086924,1.0,0.05301486989714979,1.0,0.07766872656144923,2,multi_facet_clast_3
119,chock_clast,2058254394,0.00040176735555357896,0.02827482139684493,0.09678016658401867,0.09820981194281123,0.09157324062070749,1.0147720902872328,1.056860780813448,0.931252286009425,0.08027658012851542,0.23141490664845066,0.10862589023819735,0.46159895648576,1.055532062405562,1.0445951244393052,8.0,0.06778461941206203,0.1889359958077157,0.995953575702323,0.05123643757927188,1.0,0.06778461941206203,0.0,0.0,0.9999999999999998,0.06778461941206201,5,multi_facet_clast_6
120,bearing_block_clast,64840249,0.002075823900766656,0.08488104849512708,0.19684794754158255,0.1698717610220728,0.14673838116321253,1.1588032428533224,1.157650504765551,0.9271152560659751,0.08530382553462194,0.23168364611494,0.14000091758166167,0.4230529273298178,1.439787372976447,5.397142141993305,6.0,0.07662932596373563,0.21389278455544466,0.9928060369685069,0.05229932433418843,1.0,0.07662932596373563,0.0,0.0,0.9999999999999999,0.07662932596373562,9,multi_facet_clast_10
121,buttress_clast,1903843991,0.001466843400669853,0.06758585588210822,0.1702824520110509,0.1495173157757484,0.13235878613321883,1.1388811464917337,1.1296364989722671,0.9237422492843169,0.092477730822302,0.2320652948073212,0.15000000370878608,0.43528087783685615,1.3424763489458158,3.8137928417416176,10.0,0.058476736048249836,0.17132551944950553,0.9980037116099036,0.05058972890831996,1.0,0.058476736048249836,3.0,0.05567355362054709,1.0,0.11695347209649967,6,multi_facet_clast_7
122,bearing_block_clast,1908325472,0.0007311177893436079,0.04291756078168595,0.137374837076739,0.12827367901219616,0.09215005958661693,1.070951095615473,1.3920086388183466,0.9144795423031694,0.11347287650711192,0.23127953208338706,0.14000033983108762,0.45024302074557354,1.8976997259817527,1.9009062522933806,7.0,0.07777259187875211,0.21067431316823224,0.9937626786607903,0.052031426709443614,1.0,0.07777259187875211,0.0,0.0,0.9999999999999999,0.0777725918787521,9,multi_facet_clast_10
123,course_block_clast,320848411,0.0007159252424615732,0.0414911078681303,0.12806410867376927,0.1049701839794749,0.11421041289810463,1.1212997608897932,1.0880271765593599,0.9327692275724401,0.06879790228968337,0.23185719776676053,0.1300000020296237,0.4663034021825935,1.2381561697994947,1.8614056304000903,11.0,0.059387084643224564,0.1721462356062445,0.997204633856459,0.05081169027033931,1.0,0.059387084643224564,1.0,0.05091455497251847,1.0000000000000002,0.07918277952429943,5,multi_facet_clast_6
124,compact_block_clast,1532795328,0.0006312302268253667,0.03796526765503621,0.10647871870589863,0.11466131770643338,0.1109744485044805,1.0332226855067816,1.0422218622953134,0.9373235238589493,0.05295996560259071,0.23181947269920736,0.06722126231100511,0.465891778664492,1.0519710965187004,1.6411985897459536,10.0,0.05888015267577251,0.17563251884398373,0.9976927156177844,0.05068766297585009,1.0,0.05888015267577251,0.0,0.0,1.0000000000000004,0.05888015267577254,1,multi_facet_clast_2
125,wall_block_clast,18226466,0.0007210705037283603,0.042106293378054625,0.13574284349601284,0.10717113230696268,0.10511689656096665,1.266598948560273,1.0195423934039434,0.9235397644971823,0.09568100072475222,0.23218644097929234,0.1300000001604782,0.4715312047109094,1.2159208349613086,1.8747833096937367,12.0,0.06250962435162434,0.17566710318903828,0.9971016079297796,0.05083904870420872,1.0,0.06250962435162434,4.0,0.05588240732049819,0.9999999999999999,0.12501924870324865,7,multi_facet_clast_8
126,tie_bridge_clast,1789723258,0.00152354803745849,0.06946293884858415,0.1794442062762684,0.14073754810802128,0.12924651824968464,1.275027231102096,1.0889078484585382,0.9217965371580047,0.09223221972179527,0.23309111553163084,0.1300000003144064,0.4667645644679927,1.3935956711486532,3.961224897392074,13.0,0.06460608429588571,0.1882255048603575,0.9933214175275661,0.05189246942513661,1.0,0.06460608429588571,5.0,0.05565162021487082,1.0,0.12921216859177143,8,multi_facet_clast_9
127,course_block_clast,939834245,0.0014631305710960853,0.06673657210858067,0.16251045245176307,0.1312405861091857,0.14348183731705755,1.1326203754462472,1.0932733658906988,0.933918443257806,0.05788854349463498,0.2319254357741193,0.13000000211897067,0.47811976208440926,1.264302097049646,3.804139484849822,9.0,0.058832559175973326,0.17190293479307267,0.9986907610636583,0.0503952616512226,1.0,0.058832559175973326,1.0,0.05037307795987215,0.9999999999999998,0.07844341223463108,2,multi_facet_clast_3
128,interlock_block_clast,646615182,0.0011237758309527845,0.05658620672544964,0.15998945430493539,0.12258938150658141,0.12057415964269862,1.3050841136379017,1.0167135468317139,0.9237618040795929,0.0888621309151037,0.23280809203972053,0.15000017566462875,0.47520525295313576,1.2462228918451168,2.92181716047724,11.0,0.06625270742401512,0.18768662147930776,0.9945976531725952,0.05156997190740275,1.0,0.06625270742401512,3.0,0.05423255015347993,0.9999999999999999,0.13250541484803022,8,multi_facet_clast_9
129,cap_block_clast,1633890440,0.0006078243682892788,0.03733681029798096,0.12458381444775465,0.09901918785649236,0.10456220631412229,1.1914803525997157,1.0559792357180648,0.929392113480314,0.07304049039986242,0.23250661234502665,0.13000000052029437,0.47121855715509653,1.2348000124209724,1.5803433575521248,11.0,0.06618015664523304,0.18513701643585523,0.9968637580102077,0.05095270059774963,1.0,0.06618015664523304,4.0,0.05236313547851709,0.9999999999999998,0.13236031329046605,7,multi_facet_clast_8
130,equant_clast,1563814265,0.0006932711719857867,0.04062888249594462,0.10606648439219754,0.12348122683597888,0.11555430412124826,1.0685991125558862,1.0894516282256326,0.9323622365688474,0.059021700880842305,0.23208450755760657,0.13356498796707772,0.4580763866698102,1.1825387715879976,1.8025050471630455,10.0,0.06159487802802241,0.17106812990866133,0.9985772629529313,0.05042890536325035,1.0,0.06159487802802241,2.0,0.05452509526915232,1.0000000000000002,0.10265813004670403,5,multi_facet_clast_6
131,chock_clast,356542283,0.0006637728616270233,0.04048834504037184,0.13721567302965113,0.11688458991872955,0.09254266776061823,1.173941518938107,1.2630345844478679,0.90886719334138,0.128296248986845,0.23177576384108228,0.14000000062316675,0.44721514211851326,1.7020698355674493,1.7258094402302606,9.0,0.11679095297409138,0.23963447143636468,0.9864339248437735,0.057847677164906276,1.0,0.11679095297409138,3.0,0.06329813793785403,0.9989545649482983,0.23333771123626124,3,multi_facet_clast_4
132,bearing_block_clast,337989961,0.0017605033925742841,0.07870975388584724,0.18882111472172292,0.1748449840106388,0.1202297741967749,1.079934410415993,1.4542569440784072,0.8958049974830865,0.14102716986999755,0.23200263423572398,0.11723083844960036,0.4435280590693833,2.0459412231053746,4.577308820693139,12.0,0.0683927205515996,0.19530142722924687,0.9935610283039804,0.051870228239643726,1.0,0.0683927205515996,3.0,0.06021346571742423,1.0000000000000002,0.13678544110319923,9,multi_facet_clast_10
133,buttress_clast,20818184,0.0015118272094597636,0.06868933662655105,0.16666300945199405,0.14167936205306517,0.13504860978326433,1.1763393555482795,1.0490990042803279,0.9273910648076952,0.08098102672540747,0.23242153367872695,0.13043105170126923,0.47409593022561203,1.2006833379664343,3.9307507445953855,8.0,0.0683150660157468,0.191460156026629,0.9951067078796083,0.05148005117282456,1.0,0.0683150660157468,0.0,0.0,1.0,0.0683150660157468,2,multi_facet_clast_3
134,bearing_block_clast,1079585195,0.0018323591731284753,0.0803025697119601,0.19894972471447747,0.17080809865066343,0.1161236316409807,1.1647558065813335,1.470915921564963,0.9017685521496172,0.14615870295850752,0.23091504344144315,0.14000005618103173,0.4643422444908068,2.2725092929215194,4.764133850134035,10.0,0.10732976073200194,0.25284182432673113,0.9829076074221891,0.05847022359629399,1.0,0.10732976073200194,1.0,0.07764384445706693,0.9993638450031493,0.1430153098245353,3,multi_facet_clast_4
135,course_block_clast,1882472879,0.0010484404575710064,0.05386011364029602,0.14484349966270477,0.13271671204253765,0.11486407765401663,1.0913734783926858,1.1554239998539417,0.926643548899007,0.0835203706780047,0.23197271078109977,0.13000000392376387,0.4748264665945584,1.3501091196150905,2.7259451896846163,10.0,0.058335967614949545,0.1691992026867844,0.9989312701284678,0.050321329182300076,1.0,0.058335967614949545,2.0,0.05305352602452161,0.9999999999999998,0.09722661269158255,2,multi_facet_clast_3
136,compact_block_clast,1489172578,0.0009207525377215934,0.04891893955544688,0.12622038932488333,0.11657271161470797,0.13241913347094808,1.0491104819056576,1.0827610302320367,0.9356261973766876,0.054097700695465475,0.23190352931171504,0.08103151909963202,0.47256958728005394,1.1507707986953732,2.393956598076143,9.0,0.05922054059626587,0.17380329270859413,0.998032627424757,0.05058890361859594,1.0,0.05922054059626587,0.0,0.0,1.0,0.05922054059626587,1,multi_facet_clast_2
137,wall_block_clast,37387727,0.0012954614422276424,0.06220599496765847,0.1644196882334436,0.12398937516642192,0.1402023389595417,1.1727314212702993,1.1307609121455633,0.9238501729547096,0.0783363642532473,0.23286643044192926,0.13001005170090285,0.45324282791998444,1.3852931314346084,3.3681997497918705,10.0,0.07222452135640839,0.20323772454107467,0.9931683105958634,0.05207638765561487,1.0,0.07222452135640839,3.0,0.059934808837681604,1.0,0.14444904271281678,6,multi_facet_clast_7
138,tie_bridge_clast,168361924,0.0018121926195447389,0.07887467213085333,0.19641278807937493,0.14132103138434282,0.14359789656731253,1.3677971110621738,1.0161112975235616,0.9113449591603148,0.12703909589906393,0.23296308035876315,0.13000000026488756,0.45465264305683906,1.2870251628742704,4.711700810816321,12.0,0.0684398792682603,0.19134793844521203,0.9934205176734888,0.05191111429022178,1.0,0.0684398792682603,4.0,0.05909111231264548,1.0,0.1368797585365206,6,multi_facet_clast_7
139,course_block_clast,11179290,0.0019838809220805993,0.08192645562851031,0.17768245279283834,0.15031044713732394,0.1576387762966952,1.1271494042710566,1.048754622841858,0.9319737755476533,0.07347148108398577,0.23169728648879057,0.10807726542193774,0.471214709187305,1.1554015724964988,5.158090397409558,10.0,0.05749405303761572,0.16900041982804195,0.9989145676046137,0.05032636578150665,1.0,0.05749405303761572,0.0,0.0,0.9999999999999994,0.057494053037615685,2,multi_facet_clast_3
