settled_x,settled_y,settled_z,target_error_xy_m,target_x_error_m,target_y_error_m,radial_distance_m,support_overlap,support_contact_count,support_balance_error_m,bearing_pressure_proxy,placed_disturbance_xy_m,velocity_inf_norm_after_place,height_gain_m,candidate_id,candidate_score,placed_x,placed_y,placed_z,quat_w,quat_x,quat_y,quat_z,slot_candidate_count,stone_fit_prob,stone_fit_rank,stone_fit_top_k,stone_pool_size,stone_selection_score,gravity,trial,strategy,target_name,rock_index,slot_id,course,role,target_x,target_y,cluster_label,source_kind,best_rejected_rock_index,best_rejected_score,placement_skipped,skip_reason
-0.34429645891626054,0.025131471581261534,0.0660145829036218,0.026939739668444745,0.009703541083739442,0.025131471581261534,0.34521245992303934,1.0,1.0,0.0,5.508781949180639,0.0,19.46079139523039,0.1380507532983799,6,104.32256757787943,-0.35888013127897694,0.012692642351416311,0.0760361703947581,0.9237298680680254,0.016628933588845225,0.006887929820301198,0.3826214393228859,8,,4,0,8,104.32256757787943,earth,0,statics_wall,single_face_wall_4course_v1,62,0,0,base,-0.354,0.0,multi_facet_clast_7,bearing_block_clast,,,,
-0.05117140286309783,-0.14426874420732527,0.052622577119166285,0.2344676542185594,0.18482859713690217,0.14426874420732527,0.15307508950229656,1.0,1.0,0.0,2.480721131847841,0.23270695445665887,2.4517001836292516,0.109244080861162,6,17.269662701951084,-0.2419416153755628,-0.006304704797101616,0.06062150374199571,0.9237298680680254,0.016628933588845225,0.006887929820301198,0.3826214393228859,8,,3,0,8,18.17041967090981,earth,0,statics_wall,single_face_wall_4course_v1,-1,1,0,base,-0.236,0.0,skipped,skipped,36,18.17041967090981,1,no_feasible_pose
-0.115477667241439,-0.0005941932195173673,0.05916094510747412,0.002591375720930936,0.002522332758560994,0.0005941932195173673,0.11547919594934247,1.0,1.0,0.0,3.873773899136346,0.0,2.4517001836292516,0.11950698715987881,4,12.136631487913778,-0.1319555938873863,0.0019172600508073213,0.0643460420524047,0.9991281651166032,0.011990113512372953,0.00047986049339428585,0.03998645498912335,8,,5,0,8,12.136631487913778,earth,0,statics_wall,single_face_wall_4course_v1,12,2,0,base,-0.118,0.0,multi_facet_clast_10,bearing_block_clast,,,,
0.055262455279276444,-0.021428961643087018,0.04524076546938772,0.059271741669997546,0.055262455279276444,0.021428961643087018,0.059271741669997546,1.0,1.0,0.0,1.7600983817531302,0.049052672507282756,0.14879830516503684,0.09131579526269618,3,0.576191381924541,-0.003024132691719383,-0.007084103340170375,0.05007502979330847,6.123123777855497e-17,-0.0059999640000648,7.347836707678707e-19,0.999982000054,8,,6,0,8,0.576191381924541,earth,0,statics_wall,single_face_wall_4course_v1,122,3,0,base,0.0,0.0,multi_facet_clast_10,bearing_block_clast,,,,
0.8975734008697227,0.07808393488199529,0.07169293962132584,0.7834741784068197,0.7795734008697227,0.07808393488199529,0.9009634347938298,1.0,1.0,0.0,2.7619274985798556,0.028440652720949693,4.2894103279812335,0.13653875431837054,0,33.71613826548833,0.118,0.0,0.0688458146970447,1.0,0.0,0.0,0.0,8,,5,0,8,36.78350915752243,earth,0,statics_wall,single_face_wall_4course_v1,-1,4,0,base,0.118,0.0,skipped,skipped,76,36.78350915752243,1,no_feasible_pose
0.23622320977899208,0.005396277553777881,0.043752970519446197,0.005400891967336941,0.00022320977899209504,0.005396277553777881,0.23628483795988076,1.0,1.0,0.0,1.7417184584786523,9.085614205428527e-17,4.28941032798123,0.08980311390553714,2,21.98232150404739,0.23376728974603772,-0.005535817384503667,0.05005014338609094,0.70709405330267,0.004242615231320983,-0.004242615231320983,-0.70709405330267,8,,7,0,8,21.98232150404739,earth,0,statics_wall,single_face_wall_4course_v1,14,5,0,base,0.236,0.0,multi_facet_clast_5,bearing_block_clast,,,,
0.35373426046389905,0.004933015872462233,0.05292056991405042,0.004940168326991648,0.0002657395361009285,0.004933015872462233,0.35376865558093123,1.0,1.0,0.0,2.1790387233735724,0.00020347389163042997,0.03120636957020704,0.11009529644440287,1,-0.9979903335926757,0.35152283165833614,0.008197091138392459,0.061174726530352455,0.7071067811865476,0.0,0.0,0.7071067811865476,8,,6,0,8,-0.9979903335926757,earth,0,statics_wall,single_face_wall_4course_v1,55,6,0,base,0.354,0.0,multi_facet_clast_2,course_block_clast,,,,
-0.22554571511182278,0.0007415394719667259,0.15562881479186644,0.06965306236234675,0.0694542848881772,0.005258460528033275,0.22554693410927137,0.5769442758496676,2.0,0.03596823407635445,3.2484906614085656,0.0002942700607089301,0.028833555937002986,0.08378762822896058,0,-3.301599208146257,-0.2778661109316183,0.007113781143001454,0.21826032003385396,1.0,0.0,0.0,0.0,8,,1,0,8,-3.301599208146257,earth,0,statics_wall,single_face_wall_4course_v1,136,7,1,middle,-0.295,0.006,multi_facet_clast_2,compact_block_clast,,,,
-0.04024573700539801,-0.03611671170138636,0.12244713268072266,0.14309278756015084,0.13675426299460197,0.04211671170138636,0.05407528281228607,0.2789916164596026,2.0,0.13148712646669874,6.794848891472483,0.18515244953606963,1.7786395068534904,0.04924219407938746,2,11.903374939854384,-0.13239727057140516,-0.004038534570359114,0.21689656799542462,0.70709405330267,0.004242615231320983,-0.004242615231320983,-0.70709405330267,8,,4,0,8,11.903374939854384,earth,0,statics_wall,single_face_wall_4course_v1,76,8,1,middle,-0.177,0.006,multi_facet_clast_2,compact_block_clast,,,,
-0.05369113427277544,0.16853458056739887,0.04613642123083782,0.16262125917459244,0.005308865727224554,0.16253458056739886,0.1768803062710099,0.0,0.0,0.1801008332854556,20.51498237182442,0.01795978939060089,0.03372872951678629,-0.01788334167680075,4,14.60966100017003,-0.09058938248806031,0.014933874254014571,0.18899421141211908,0.9991281651166032,0.011990113512372953,0.00047986049339428585,0.03998645498912335,8,,1,0,8,23.352472225276617,earth,0,statics_wall,single_face_wall_4course_v1,-1,9,1,middle,-0.059,0.006,skipped,skipped,124,23.352472225276617,1,no_feasible_pose
0.1322744917994028,-0.0074374358085062325,0.10618501350124525,0.07449641487728434,0.07327449179940279,0.013437435808506232,0.13248342021625167,0.36621468565523274,2.0,0.07581310391799727,3.108171941862014,0.0053113927451977384,0.02290148805707553,0.040266255273211204,3,-1.464021518180063,0.056357303399227794,-0.01035413115893965,0.18709521609172358,6.123123777855497e-17,-0.0059999640000648,7.347836707678707e-19,0.999982000054,8,,7,0,8,-1.464021518180063,earth,0,statics_wall,single_face_wall_4course_v1,39,10,1,middle,0.059,0.006,multi_facet_clast_8,course_block_clast,,,,
0.4885526347337779,0.023347719748181152,0.06634604038902736,0.3120352345329294,0.3115526347337779,0.017347719748181153,0.4891102052940174,0.0,0.0,0.2809531989076743,49.092234854318676,0.08348525723709645,0.05241276267911869,0.05383026434432492,3,20.77183301728967,0.17325617326425055,-0.002462826627759023,0.18411581448068992,6.123123777855497e-17,-0.0059999640000648,7.347836707678707e-19,0.999982000054,8,,3,0,8,29.482009189954315,earth,0,statics_wall,single_face_wall_4course_v1,-1,11,1,middle,0.177,0.006,skipped,skipped,27,29.482009189954315,1,no_feasible_pose
0.24838740232237866,0.019642627132708413,0.13753732649915276,0.04856805058202255,0.046612597677621326,0.013642627132708413,0.2491628672838989,0.8545470205415966,2.0,0.02721365841083014,2.253497704186433,0.0008866755840639881,0.07223711332901338,0.08040283581719453,6,-5.3803226829814825,0.253932026882032,0.015460770213646953,0.17705610220684753,0.9237298680680254,0.016628933588845225,0.006887929820301198,0.3826214393228859,8,,5,0,8,-5.3803226829814825,earth,0,statics_wall,single_face_wall_4course_v1,45,12,1,middle,0.295,0.006,multi_facet_clast_2,cap_block_clast,,,,
-0.2466356680630461,-0.0857602633833934,0.13906151102561704,0.09327812293724688,0.048364331936953886,0.0797602633833934,0.26112061492056515,0.26505020118868705,3.0,0.080172180064309,9.453532208354504,0.00992095453636669,0.4493508526693665,-0.004746876762744712,3,1.9629490357438482,-0.19940570699625215,-0.007317136043247011,0.3138683752663192,6.123123777855497e-17,-0.0059999640000648,7.347836707678707e-19,0.999982000054,8,,6,0,8,1.9629490357438482,earth,0,statics_wall,single_face_wall_4course_v1,100,13,2,middle,-0.295,-0.006,multi_facet_clast_2,compact_block_clast,,,,
-0.1512421763657064,-0.011419085730149997,0.1717963508002981,0.02632170147475443,0.025757823634293603,0.005419085730149997,0.15167264562454216,0.869388082848626,2.0,0.01930334223394934,2.4564118635831376,0.10073287341374228,0.15378177469964627,0.014099692935332586,5,-5.048608017968498,-0.16344291387003845,-0.012799886372215526,0.29998010518971546,0.9991281651166032,0.0004798604933942866,0.011990113512372953,-0.03998645498912335,8,,2,0,8,-5.048608017968498,earth,0,statics_wall,single_face_wall_4course_v1,115,14,2,middle,-0.177,-0.006,multi_facet_clast_2,course_block_clast,,,,
-0.01682995899683712,0.08572719698560052,0.04203167688375384,0.10095638179453344,0.04217004100316288,0.09172719698560053,0.0873636069701977,0.0,0.0,0.12288704335131238,11.312833888674197,0.0018374851023622866,0.15452044461983358,-0.09798370606025102,0,12.479019201661968,-0.05120948925452075,-0.009362014330912698,0.2485705118115299,1.0,0.0,0.0,0.0,8,,7,0,8,20.97649879877338,earth,0,statics_wall,single_face_wall_4course_v1,-1,15,2,middle,-0.059,-0.006,skipped,skipped,4,20.97649879877338,1,no_feasible_pose
0.051024737796039214,-0.02447719689618017,0.19270243755553781,0.02012490030688688,0.007975262203960783,0.018477196896180173,0.05659202271565247,0.9388382850350667,3.0,0.008613961055742969,1.8603241249133275,0.001519197115040379,0.06721375777701019,0.0949304009645596,1,-7.337480372465737,0.06996807790702363,-0.026964423227799086,0.23577444827520183,0.7071067811865476,0.0,0.0,0.7071067811865476,8,,3,0,8,-7.337480372465737,earth,0,statics_wall,single_face_wall_4course_v1,88,16,2,middle,0.059,-0.006,multi_facet_clast_2,compact_block_clast,,,,
0.29975411133372437,0.030490344918147907,0.13130796786412044,0.12806294203077564,0.12275411133372438,0.036490344918147906,0.3013008270727089,0.4458603400730081,3.0,0.14836990330463717,2.392904931011541,0.007582717590305096,0.1079775490278446,-0.0037029401452366995,4,-0.6127390388250904,0.136019485756882,-0.005908765010199639,0.25998535651383764,0.9991281651166032,0.011990113512372953,0.00047986049339428585,0.03998645498912335,8,,1,0,8,-0.6127390388250904,earth,0,statics_wall,single_face_wall_4course_v1,124,17,2,middle,0.177,-0.006,multi_facet_clast_2,compact_block_clast,,,,
0.21893279202038882,-0.012814763368573187,0.15400966099192864,0.07637186084928839,0.07606720797961117,0.006814763368573187,0.21930751373821042,0.8049067614802109,2.0,0.07353838762020956,0.937942138270006,0.002088530932647075,0.17630011415271923,0.010789093164093766,1,-4.536043205504815,0.24536737773721679,-0.007299988858688586,0.25177569669535993,0.7071067811865476,0.0,0.0,0.7071067811865476,8,,5,0,8,-4.536043205504815,earth,0,statics_wall,single_face_wall_4course_v1,4,18,2,middle,0.295,-0.006,multi_facet_clast_6,compact_block_clast,,,,
-0.5282258082137579,0.08666673709392624,0.06530075921601029,0.30480657195128147,0.2922258082137579,0.08666673709392624,0.5352883594676662,0.0,0.0,0.3622543758998549,34.107255262042,0.0030801677929855405,0.32136469812345253,-0.10386015387502157,2,21.89975653059941,-0.1904364832160555,-0.010990614450352052,0.31671523583431427,0.70709405330267,0.004242615231320983,-0.004242615231320983,-0.70709405330267,8,,0,0,8,31.049230639701243,earth,0,statics_wall,single_face_wall_4course_v1,-1,19,3,cap,-0.236,0.0,skipped,skipped,112,31.049230639701243,1,no_feasible_pose
-0.16446114690521102,-0.006043521315634383,0.28766673390422265,0.04685255939263219,0.046461146905211026,0.006043521315634383,0.16457215132357578,0.9399940519109945,2.0,0.02833109947167855,1.709046833030548,0.0030510866748069644,0.157645534354209,0.11602847352702156,5,-6.828896598430344,-0.16590974337630865,-0.003556008391880242,0.31423788854814505,0.9991281651166032,0.0004798604933942866,0.011990113512372953,-0.03998645498912335,8,,5,0,8,-6.828896598430344,earth,0,statics_wall,single_face_wall_4course_v1,52,20,3,cap,-0.118,0.0,multi_facet_clast_6,compact_block_clast,,,,
-0.04618017719444247,-0.0021547532330892525,0.21054874502321275,0.04623041993326054,0.04618017719444247,0.0021547532330892525,0.04623041993326054,0.5121824024778499,3.0,0.07826436963583898,1.3554141724350508,0.007034352411412528,1.1386441899038264,-0.0004131886337699897,2,2.287188641567421,-0.008180461177941554,-0.0064571086929463145,0.3124453531383165,0.70709405330267,0.004242615231320983,-0.004242615231320983,-0.70709405330267,8,,2,0,8,2.287188641567421,earth,0,statics_wall,single_face_wall_4course_v1,106,21,3,cap,0.0,0.0,multi_facet_clast_6,equant_clast,,,,
0.18876926362307128,0.05506834578219054,0.14421716372507426,0.08967057143198466,0.07076926362307129,0.05506834578219054,0.19663763016265093,0.3646939853226895,3.0,0.11367405791515346,2.102772514536006,0.1413920499938666,0.3900134376864216,-0.06842615075980962,6,1.7696998763926342,0.13025806592292996,-0.005434311474903281,0.31076397231041536,0.9237298680680254,0.016628933588845225,0.006887929820301198,0.3826214393228859,8,,2,0,8,2.0434044794318726,earth,0,statics_wall,single_face_wall_4course_v1,81,22,3,cap,0.118,0.0,multi_facet_clast_5,cap_block_clast,,,,
0.2427670534613812,-0.08100910217719831,0.14459115140807677,0.08129125197771865,0.006767053461381206,0.08100910217719831,0.2559263895769189,0.4978288872616574,3.0,0.07596006912204012,5.245657889438978,0.13979637232408848,1.503728857780256,0.013960249052362289,0,6.063958822305175,0.22823136056459753,-0.000734538411293636,0.28594354849566783,1.0,0.0,0.0,0.0,8,,2,0,8,6.073040741899959,earth,0,statics_wall,single_face_wall_4course_v1,22,23,3,cap,0.236,0.0,multi_facet_clast_2,equant_clast,,,,
-0.33924004205994795,-0.0026709562874418086,0.06601458290362167,0.014999678859279948,0.014759957940052026,0.0026709562874418086,0.33925055658661,1.0,1.0,0.0,5.508781949180639,0.0,19.46079139523039,0.13805075329837976,4,104.19839094546411,-0.3584774117283362,-0.0018490246290506051,0.0760361703947581,0.9991281651166032,0.011990113512372953,0.00047986049339428585,0.03998645498912335,8,,4,0,8,104.19839094546411,earth,1,statics_wall,single_face_wall_4course_v1,62,0,0,base,-0.354,0.0,multi_facet_clast_7,bearing_block_clast,,,,
0.33015733964495847,-0.025960396370837517,0.05822489781522419,0.5667522169463369,0.5661573396449584,0.025960396370837517,0.331176404807419,1.0,1.0,0.0,1.7600983817531302,0.759687476665122,2.4517001836292747,0.10429992760853266,5,26.15245948997534,-0.2575325196221734,-0.007944259764742332,0.05007502979330847,0.9991281651166032,0.0004798604933942866,0.011990113512372953,-0.03998645498912335,8,,7,0,8,28.136220574707025,earth,1,statics_wall,single_face_wall_4course_v1,-1,1,0,base,-0.236,0.0,skipped,skipped,122,28.136220574707025,1,no_feasible_pose
-0.11457182590361566,-0.002788498012776176,0.04536489879203624,0.004419060850721254,0.003428174096384337,0.002788498012776176,0.1146057547074128,1.0,1.0,0.0,1.7600983817531302,2.47198095326695e-17,2.4517001836292516,0.0914399285853447,4,12.048930059722865,-0.1268668027257411,-0.005061152403949623,0.05007502979330847,0.9991281651166032,0.011990113512372953,0.00047986049339428585,0.03998645498912335,8,,7,0,8,12.048930059722865,earth,1,statics_wall,single_face_wall_4course_v1,122,2,0,base,-0.118,0.0,multi_facet_clast_10,bearing_block_clast,,,,
0.050511710286000745,-0.0023194273283825228,0.05949655446948295,0.050564934679563474,0.050511710286000745,0.0023194273283825228,0.050564934679563474,1.0,1.0,0.0,2.526463352743852,0.0025397016525236698,0.14879830516503684,0.12627371584112415,0,0.14380120279377803,0.0,0.0,0.07077716137164121,1.0,0.0,0.0,0.0,8,,2,0,8,0.14380120279377803,earth,1,statics_wall,single_face_wall_4course_v1,112,3,0,base,0.0,0.0,multi_facet_clast_2,compact_block_clast,,,,
0.491183950400353,-0.05366545945415772,0.045344316500639914,0.3770228671776275,0.373183950400353,0.05366545945415772,0.49410692635230513,1.0,1.0,0.0,1.7417184584786523,0.3976622831050817,4.5230331596336555,0.09139445988673085,3,31.428136313841513,0.11073683268505809,-0.0022622694072352103,0.05005014338609094,6.123123777855497e-17,-0.0059999640000648,7.347836707678707e-19,0.999982000054,8,,7,0,8,32.46325064972965,earth,1,statics_wall,single_face_wall_4course_v1,-1,4,0,base,0.118,0.0,skipped,skipped,14,32.46325064972965,1,no_feasible_pose
0.23753323614656577,0.005681754043770689,0.04375297051944622,0.005884992956243912,0.0015332361465657807,0.005681754043770689,0.2376011797177659,1.0,1.0,0.0,1.7417184584786523,3.729655473350135e-17,4.289410327966079,0.08980311390553716,2,21.98735615425021,0.23507731611361143,-0.005250340894510953,0.05005014338609094,0.70709405330267,0.004242615231320983,-0.004242615231320983,-0.70709405330267,8,,7,0,8,21.98735615425021,earth,1,statics_wall,single_face_wall_4course_v1,14,5,0,base,0.236,0.0,multi_facet_clast_5,bearing_block_clast,,,,
0.3723669661113751,0.0034111377562890234,0.05916068989358351,0.01868104132345899,0.018366966111375116,0.0034111377562890234,0.3723825899686804,1.0,1.0,0.0,3.873773899136346,0.0408998267370454,0.033105644275908494,0.11950673194598821,6,-0.4292478016588943,0.3613756188006794,-0.00656638477572096,0.0643460420524047,0.9237298680680254,0.016628933588845225,0.006887929820301198,0.3826214393228859,8,,4,0,8,-0.4292478016588943,earth,1,statics_wall,single_face_wall_4course_v1,12,6,0,base,0.354,0.0,multi_facet_clast_10,bearing_block_clast,,,,
-0.19844755481760618,-0.006613938729272309,0.12320674862964726,0.09737292293530578,0.09655244518239381,0.012613938729272309,0.1985577402132724,0.3298727977306132,1.0,0.06351430256800245,4.004165679774199,0.0001066251190977947,0.028037370197464485,0.04064321958350775,6,-0.757704601539802,-0.3012680868309182,-0.0018360112262845651,0.20753797755062003,0.9237298680680254,0.016628933588845225,0.006887929820301198,0.3826214393228859,8,,2,0,8,-0.757704601539802,earth,1,statics_wall,single_face_wall_4course_v1,124,7,1,middle,-0.295,0.006,multi_facet_clast_2,compact_block_clast,,,,
-0.05236072848248921,-0.00358422478450269,0.1397280148561915,0.12500722126795574,0.12463927151751078,0.00958422478450269,0.0524832597551143,0.506873385382643,2.0,0.08791215243438003,3.791725917341249,0.0010670509171967855,0.06017208392404666,0.06581898522018673,0,-1.5659625125853025,-0.16048930774503473,0.004930243626883766,0.21619247696075478,1.0,0.0,0.0,0.0,8,,2,0,8,-1.5659625125853025,earth,1,statics_wall,single_face_wall_4course_v1,115,8,1,middle,-0.177,0.006,multi_facet_clast_2,course_block_clast,,,,
-0.27899445733419054,-0.09300762913003756,0.16978707055401504,0.24124691062004514,0.21999445733419054,0.09900762913003756,0.29408897684134655,0.2632640580374873,1.0,0.27037619731742885,4.764745049919315,0.013346814805673929,3.9805532160950707,0.09710158364473567,0,26.19725104983212,-0.07330916173295157,0.00493623623262867,0.19386194477296892,1.0,0.0,0.0,0.0,8,,7,0,8,26.724554265102682,earth,1,statics_wall,single_face_wall_4course_v1,39,9,1,middle,-0.059,0.006,multi_facet_clast_8,course_block_clast,,,,
0.1530729104212214,0.005345723343910101,0.1307429100755931,0.0940751856392633,0.0940729104212214,0.0006542766560898991,0.1531662255945902,0.4467716199892917,2.0,0.10116185526058206,3.7679405335734417,0.14369447703542831,1.4463712989509347,0.05742999999691359,7,7.379381813120518,0.04624666084419085,0.0030064628923443973,0.1932345216035688,0.9237298680680254,0.006887929820301199,0.016628933588845225,-0.3826214393228859,8,,5,0,8,7.379381813120518,earth,1,statics_wall,single_face_wall_4course_v1,45,10,1,middle,0.059,0.006,multi_facet_clast_2,cap_block_clast,,,,
0.5305081572979111,0.10896111910308794,0.051075314091369485,0.3681969708228531,0.35350815729791113,0.10296111910308793,0.5415823394792546,0.0,0.0,0.3404326858472096,29.924457475951787,0.17390707893651344,0.8686648980234922,-0.008988835014280633,1,26.159253990910337,0.20188236958670058,0.020526745804914436,0.2064832825765982,0.7071067811865476,0.0,0.0,0.7071067811865476,8,,1,0,8,35.35688891695239,earth,1,statics_wall,single_face_wall_4course_v1,-1,11,1,middle,0.177,0.006,skipped,skipped,136,35.35688891695239,1,no_feasible_pose
0.27265808472002945,-0.0035377521308718345,0.1600147412169859,0.024292589283304716,0.022341915279970537,0.009537752130871834,0.2726810350085503,0.6181287987520772,2.0,0.015076878328523521,4.973981080930612,0.12704948250030373,0.18522597571486893,0.11116433234097436,6,-2.157433019243214,0.25548464524922465,0.004216545516465756,0.2041630550159649,0.9237298680680254,0.016628933588845225,0.006887929820301198,0.3826214393228859,8,,7,0,8,-2.157433019243214,earth,1,statics_wall,single_face_wall_4course_v1,22,12,1,middle,0.295,0.006,multi_facet_clast_2,equant_clast,,,,
-0.22651227119345954,-0.012461721323511837,0.1320394140419153,0.06879188062221411,0.06848772880654044,0.006461721323511837,0.22685480708938974,0.2920568144914415,2.0,0.04756424931638061,1.9603044257168414,0.016953926058264276,0.030439577710985693,-0.026413870752117014,6,-1.3243226947915918,-0.2298390366552328,-0.014359723050989742,0.2632861922431007,0.9237298680680254,0.016628933588845225,0.006887929820301198,0.3826214393228859,8,,5,0,8,-1.2186672117831239,earth,1,statics_wall,single_face_wall_4course_v1,64,13,2,middle,-0.295,-0.006,multi_facet_clast_6,compact_block_clast,,,,
-0.04656955594327514,-0.007967381647667996,0.12897538038584488,0.13044528097015243,0.13043044405672485,0.0019673816476679963,0.047246192556368284,0.4647562226235371,3.0,0.10134453719143835,3.339256533958359,0.12305366898199621,0.5959536189625654,-0.017719631602369168,6,2.218333291947588,-0.19779730681831306,-0.009757345461744877,0.27504446504891894,0.9237298680680254,0.016628933588845225,0.006887929820301198,0.3826214393228859,8,,0,0,8,2.218333291947588,earth,1,statics_wall,single_face_wall_4course_v1,55,14,2,middle,-0.177,-0.006,multi_facet_clast_2,course_block_clast,,,,
-0.15362204202090546,-0.03938285789372147,0.13950073680766065,0.10033815843116915,0.09462204202090546,0.033382857893721474,0.15858985241985032,0.5276269725997292,2.0,0.09530831974174431,1.316159410780932,0.008281188885006318,0.08418569947650106,-0.036596998244436685,6,-2.164267521769231,-0.05810657236241068,-0.01566456910621097,0.28465286391962236,0.9237298680680254,0.016628933588845225,0.006887929820301198,0.3826214393228859,8,,6,0,8,-2.017879528791484,earth,1,statics_wall,single_face_wall_4course_v1,4,15,2,middle,-0.059,-0.006,multi_facet_clast_6,compact_block_clast,,,,
0.06554561125490144,-0.03787861115267432,0.2014502129840854,0.0325436764321996,0.00654561125490144,0.03187861115267432,0.07570347639067948,0.7060126774513845,2.0,0.03304108394767037,3.4443857187456643,0.014226825210510899,0.10591095508238282,0.042920728195270264,3,-4.513393980175183,0.07765570745335955,-0.007680787782252854,0.30222111418290454,6.123123777855497e-17,-0.0059999640000648,7.347836707678707e-19,0.999982000054,8,,2,0,8,-4.513393980175183,earth,1,statics_wall,single_face_wall_4course_v1,76,16,2,middle,0.059,-0.006,multi_facet_clast_2,compact_block_clast,,,,
0.1619763503393452,-0.003939766509565425,0.23085447739872567,0.015164254388567899,0.015023649660654781,0.0020602334904345748,0.16202425691668576,0.8790626011726351,4.0,0.032978291722722805,1.2819024844931985,0.00422381624617847,0.058769138881350755,0.04868168006528453,5,-7.116348299030168,0.15801812432973958,-0.008847706336793805,0.293169331240484,0.9991281651166032,0.0004798604933942866,0.011990113512372953,-0.03998645498912335,8,,7,0,8,-7.116348299030168,earth,1,statics_wall,single_face_wall_4course_v1,7,17,2,middle,0.177,-0.006,multi_facet_clast_5,course_block_clast,,,,
0.5985850137903621,-0.05246651952544842,0.06925804164260933,0.3071204943257666,0.3035850137903621,0.04646651952544842,0.600879983362337,0.0,0.0,0.3209132256464324,27.412766262777353,0.004286359613726871,1.6638843373595695,-0.09941181680224145,5,27.600027740210045,0.25228267496946577,-0.009082515921449411,0.3066722701290744,0.9991281651166032,0.0004798604933942866,0.011990113512372953,-0.03998645498912335,8,,2,0,8,36.683277479047845,earth,1,statics_wall,single_face_wall_4course_v1,-1,18,2,middle,0.295,-0.006,skipped,skipped,88,36.683277479047845,1,no_feasible_pose
-0.24833828354144322,0.0030710773464712633,0.16463454085830695,0.012714745645000447,0.012338283541443229,0.0030710773464712633,0.24835727206663039,0.40003578761631853,3.0,0.045413945437118915,3.740348031149854,0.009463140929238929,0.0937078394916327,0.04469400067758367,3,-2.788126968996181,-0.24458176353109673,-0.004275279173764315,0.26635967365167135,6.123123777855497e-17,-0.0059999640000648,7.347836707678707e-19,0.999982000054,8,,0,0,8,-2.788126968996181,earth,1,statics_wall,single_face_wall_4course_v1,136,19,3,cap,-0.236,0.0,multi_facet_clast_2,compact_block_clast,,,,
-0.11853414521902741,0.010825460144001252,0.2005493993638716,0.010838629915463,0.000534145219027421,0.010825460144001252,0.11902745133008116,0.8960110930960863,3.0,0.01346089642689646,1.1192970735667291,0.006355122235798595,0.12630156057469477,0.05583142703521418,2,-7.332098291067975,-0.14045553823806933,-0.008481537886944607,0.24283863015418888,0.70709405330267,0.004242615231320983,-0.004242615231320983,-0.70709405330267,8,,2,0,8,-7.332098291067975,earth,1,statics_wall,single_face_wall_4course_v1,81,20,3,cap,-0.118,0.0,multi_facet_clast_5,cap_block_clast,,,,
-0.033455306917426604,-0.013307827566408302,0.22381600932856993,0.0360049418202067,0.033455306917426604,0.013307827566408302,0.0360049418202067,0.8424211161551197,4.0,0.04736131382793799,0.9958670357209848,0.018425837899446282,0.4538681389778956,0.003930124959120873,4,-4.821420931432565,-0.03536201779153358,-0.002169366051781551,0.3267061709928111,0.9991281651166032,0.011990113512372953,0.00047986049339428585,0.03998645498912335,8,,6,0,8,-4.821420931432565,earth,1,statics_wall,single_face_wall_4course_v1,34,21,3,cap,0.0,0.0,multi_facet_clast_6,equant_clast,,,,
0.04349569518865862,0.024250351610841388,0.1985665794906538,0.07835158574445512,0.07450430481134138,0.024250351610841388,0.049799147113119696,0.7859397826254014,3.0,0.09558730785647006,2.1375731189701996,0.3544800711082867,4.295586684664908,-0.018784959019481517,6,20.426032122876425,0.09895553909366683,-0.007647489412756463,0.3553539501943589,0.9237298680680254,0.016628933588845225,0.006887929820301198,0.3826214393228859,8,,1,0,8,20.426032122876425,earth,1,statics_wall,single_face_wall_4course_v1,88,22,3,cap,0.118,0.0,multi_facet_clast_2,compact_block_clast,,,,
0.15282116842376087,-0.011412180039160658,0.2402892056717045,0.08395806021838863,0.08317883157623912,0.011412180039160658,0.15324668796306726,0.960484249627323,4.0,0.08373320536036892,2.9263717277375396,0.0342639768790374,0.10338285881906131,0.027811384996461297,4,-6.632470362751888,0.1347952667792936,-0.00473643145110178,0.36022766802925105,0.9991281651166032,0.011990113512372953,0.00047986049339428585,0.03998645498912335,8,,4,0,8,-6.632470362751888,earth,1,statics_wall,single_face_wall_4course_v1,38,23,3,cap,0.236,0.0,multi_facet_clast_2,bearing_block_clast,,,,
-0.32960948587480243,0.0013469566808981897,0.0660145829036217,0.024427678391359207,0.02439051412519755,0.0013469566808981897,0.32961223804790957,1.0,1.0,0.0,5.508781949180639,0.0,19.46079139523039,0.1380507532983798,2,104.29644214059773,-0.32640614050093597,0.020433315457382317,0.0760361703947581,0.70709405330267,0.004242615231320983,-0.004242615231320983,-0.70709405330267,8,,4,0,8,104.29644214059773,earth,2,statics_wall,single_face_wall_4course_v1,62,0,0,base,-0.354,0.0,multi_facet_clast_7,bearing_block_clast,,,,
0.10501651654896273,0.13244248367530898,0.046865544285515016,0.3658323059015885,0.3410165165489627,0.13244248367530898,0.16902508757626203,1.0,1.0,0.0,1.7600983817531302,0.4778076240031315,2.4517001836292516,0.09294057407882347,5,21.178638616345673,-0.2419798053880734,0.005236581530027292,0.05007502979330847,0.9991281651166032,0.0004798604933942866,0.011990113512372953,-0.03998645498912335,8,,7,0,8,22.629782498931394,earth,2,statics_wall,single_face_wall_4course_v1,-1,1,0,base,-0.236,0.0,skipped,skipped,122,22.629782498931394,1,no_feasible_pose
-0.11058407416158587,0.00397556521848241,0.045364898792036236,0.008414337457415483,0.00741592583841412,0.00397556521848241,0.1106555130889624,1.0,1.0,0.0,1.7600983817531302,3.634245682171411e-16,2.4517001836292516,0.09143992858534469,6,12.090480936432488,-0.11804823124227785,-0.0061467159031429516,0.05007502979330847,0.9237298680680254,0.016628933588845225,0.006887929820301198,0.3826214393228859,8,,7,0,8,12.090480936432488,earth,2,statics_wall,single_face_wall_4course_v1,122,2,0,base,-0.118,0.0,multi_facet_clast_10,bearing_block_clast,,,,
0.08807812854737032,0.05151772882104033,0.054644960561612825,0.10203839037972591,0.08807812854737032,0.05151772882104033,0.10203839037972591,1.0,1.0,0.0,2.1790387233735724,0.002586248797995121,0.1487983051650368,0.11181968709196527,1,0.6653035343985876,-0.0047537762975865,0.005582057342080976,0.061174726530352455,0.7071067811865476,0.0,0.0,0.7071067811865476,8,,7,0,8,0.6653035343985876,earth,2,statics_wall,single_face_wall_4course_v1,55,3,0,base,0.0,0.0,multi_facet_clast_2,course_block_clast,,,,
0.07071657199685957,-0.20636642203737332,0.041463037688822056,0.2117140116011112,0.04728342800314042,0.20636642203737332,0.21814658764118752,1.0,1.0,0.0,1.7417184584786523,0.6537812850727743,4.289410327981232,0.08751318107491299,0,30.725731668125732,0.118,0.0,0.05005014338609094,1.0,0.0,0.0,0.0,8,,7,0,8,32.07159952446765,earth,2,statics_wall,single_face_wall_4course_v1,-1,4,0,base,0.118,0.0,skipped,skipped,14,32.07159952446765,1,no_feasible_pose
0.24560605697626547,-0.004766942684778147,0.04375297051944623,0.010723808707321234,0.009606056976265487,0.004766942684778147,0.2456523131704412,1.0,1.0,0.0,1.7417184584786523,3.634245682171411e-16,4.289410327981236,0.08980311390553716,1,22.037679838143262,0.2474865431186146,0.006163440683691558,0.05005014338609094,0.7071067811865476,0.0,0.0,0.7071067811865476,8,,7,0,8,22.037679838143262,earth,2,statics_wall,single_face_wall_4course_v1,14,5,0,base,0.236,0.0,multi_facet_clast_5,bearing_block_clast,,,,
0.42068947042320837,0.0011976088263629084,0.05949655429130128,0.06670022287990475,0.06668947042320839,0.0011976088263629084,0.420691175081984,1.0,1.0,0.0,2.526463352743852,0.01005564955877376,0.031206369570129015,0.1262737156629425,0,-0.26326066882459237,0.354,0.0,0.07077716137164121,1.0,0.0,0.0,0.0,8,,2,0,8,-0.26326066882459237,earth,2,statics_wall,single_face_wall_4course_v1,112,6,0,base,0.354,0.0,multi_facet_clast_2,compact_block_clast,,,,
-0.32309423178041885,0.0086166549181123,0.18142772735662593,0.028215824324169206,0.028094231780418866,0.0026166549181122992,0.3232091108736832,0.9388353101546739,1.0,0.055482223954157785,2.244012706266122,1.624729789293287e-05,0.1449522952199217,0.0963377798206908,6,-5.355854262575368,-0.30872593835376455,0.014736599656847593,0.20501155906082447,0.9237298680680254,0.016628933588845225,0.006887929820301198,0.3826214393228859,8,,6,0,8,-5.355854262575368,earth,2,statics_wall,single_face_wall_4course_v1,45,7,1,middle,-0.295,0.006,multi_facet_clast_2,cap_block_clast,,,,
-0.18014258257377186,0.027388770897019504,0.1405833072666449,0.021618402940970526,0.0031425825737718682,0.021388770897019502,0.18221277350284099,0.4784183005428384,1.0,0.0448327862061492,7.033040973993312,0.002931306862885681,0.05708498853006216,0.0813325731862588,4,-2.2286934991484366,-0.16632121242274833,0.008901384583356414,0.23085077251637354,0.9991281651166032,0.011990113512372953,0.00047986049339428585,0.03998645498912335,8,,3,0,8,-2.2286934991484366,earth,2,statics_wall,single_face_wall_4course_v1,27,8,1,middle,-0.177,0.006,multi_facet_clast_3,course_block_clast,,,,
-0.015545861936835671,0.006388529020938019,0.0880416091050571,0.04345587497235164,0.043454138063164324,0.000388529020938019,0.01680735334341857,0.20149314064391655,1.0,0.07999786087155,5.8303324407539945,0.0058991240883979595,0.18260384016200518,0.03170914626533208,0,0.8575076637581213,-0.07453624725696277,0.0069970650258305254,0.18130691134420554,1.0,0.0,0.0,0.0,8,,1,0,8,0.8575076637581213,earth,2,statics_wall,single_face_wall_4course_v1,124,9,1,middle,-0.059,0.006,multi_facet_clast_2,compact_block_clast,,,,
0.07704432513781066,0.044549181074522895,0.1828625980963709,0.04256332965353369,0.018044325137810666,0.0385491810745229,0.0889969525902506,0.8704529605690068,1.0,0.015166766088378263,5.023403094998857,0.01915923379759784,0.46507261779039505,0.14907290474338436,7,-2.8488374822539857,0.059323060578609664,0.02016787861155081,0.203849680830944,0.9237298680680254,0.006887929820301199,0.016628933588845225,-0.3826214393228859,8,,6,0,8,-2.8488374822539857,earth,2,statics_wall,single_face_wall_4course_v1,100,10,1,middle,0.059,0.006,multi_facet_clast_2,compact_block_clast,,,,
0.1785727930244509,0.04189965616898546,0.1139653773265145,0.03593409232120852,0.0015727930244509025,0.03589965616898546,0.18342252750311935,0.3262067534012423,2.0,0.04326301373322373,1.8226175755969367,0.23215481406612018,0.76396481773818,0.047562143959083425,1,3.897396321040551,0.18254578411365602,0.02337167884819906,0.17123614081649946,0.7071067811865476,0.0,0.0,0.7071067811865476,8,,4,0,8,3.897396321040551,earth,2,statics_wall,single_face_wall_4course_v1,64,11,1,middle,0.177,0.006,multi_facet_clast_6,compact_block_clast,,,,
0.31111180442095243,0.002327192207668197,0.13211045619523668,0.016525125076030014,0.016111804420952447,0.003672807792331803,0.31112050828197163,0.4310714649349279,2.0,0.04901191665605623,5.0465669135197295,0.0017929476089613323,0.18118506517068778,0.07068255522933889,2,-1.7125889162017616,0.28678328820023524,0.0009068870703237055,0.2051195303599872,0.70709405330267,0.004242615231320983,-0.004242615231320983,-0.70709405330267,8,,2,0,8,-1.7125889162017616,earth,2,statics_wall,single_face_wall_4course_v1,76,12,1,middle,0.295,0.006,multi_facet_clast_2,compact_block_clast,,,,
-0.3205276979580132,0.005977481346760899,0.2776557441967093,0.02819793294636255,0.02552769795801324,0.0119774813467609,0.3205834297675322,0.9410857594598209,2.0,0.01369808577136768,1.485411746812276,0.001928051164836295,0.8543940083070468,0.09685544000948348,7,-2.7507959881248745,-0.30817439951680264,-0.002644688034996837,0.3019767620509154,0.9237298680680254,0.006887929820301199,0.016628933588845225,-0.3826214393228859,8,,3,0,8,-2.7507959881248745,earth,2,statics_wall,single_face_wall_4course_v1,39,13,2,middle,-0.295,-0.006,multi_facet_clast_8,course_block_clast,,,,
-0.1469633786599842,0.03895100384222648,0.13959336655286486,0.054062846465454915,0.03003662134001578,0.04495100384222648,0.15203754591374805,0.6027170852609176,2.0,0.036199368559394,2.440492898835907,0.015450307474968596,0.2544153601980791,-0.03768996011715342,3,-2.6692307326767524,-0.1951329925312797,0.0037773347522297293,0.3054937395681229,6.123123777855497e-17,-0.0059999640000648,7.347836707678707e-19,0.999982000054,8,,6,0,8,-2.5184708922081387,earth,2,statics_wall,single_face_wall_4course_v1,123,14,2,middle,-0.177,-0.006,multi_facet_clast_6,course_block_clast,,,,
-0.05857499658904121,-0.0187071130125267,0.12806189658673936,0.01271421837992615,0.000425003410958788,0.0127071130125267,0.06148972517965611,0.5261932846437823,2.0,0.03093697724574035,2.2400121975895027,0.0034797914632088887,0.06782727401032462,-0.042823162944377824,6,-3.5903640571481,-0.07122784241715215,-0.00035102032243830377,0.28188159343816005,0.9237298680680254,0.016628933588845225,0.006887929820301198,0.3826214393228859,8,,7,0,8,-3.419071405370589,earth,2,statics_wall,single_face_wall_4course_v1,7,15,2,middle,-0.059,-0.006,multi_facet_clast_5,course_block_clast,,,,
0.07301995487620569,0.0280146458636595,0.1679504079979567,0.03679069539925838,0.014019954876205692,0.0340146458636595,0.0782095530801025,0.7631389514812364,2.0,0.010300282670047938,4.059164549291343,0.02656936599933958,0.45015326307952586,-0.02606726016038899,6,-2.98147489281809,0.0651088379772145,0.010344381075924912,0.34176751551235357,0.9237298680680254,0.016628933588845225,0.006887929820301198,0.3826214393228859,8,,4,0,8,-2.8772058521765342,earth,2,statics_wall,single_face_wall_4course_v1,38,16,2,middle,0.059,-0.006,multi_facet_clast_2,bearing_block_clast,,,,
0.20195854026064955,0.005033731920652043,0.19092001307044848,0.027288678459010812,0.02495854026064956,0.011033731920652042,0.20202126234944032,0.7254996200838617,3.0,0.0348978181485225,2.479500300443627,0.022246159216851358,0.3265037134959287,-0.003763012029427082,7,-3.789415450973776,0.17433992558843858,0.013545163219104355,0.3411021585708237,0.9237298680680254,0.006887929820301199,0.016628933588845225,-0.3826214393228859,8,,0,0,8,-3.789415450973776,earth,2,statics_wall,single_face_wall_4course_v1,136,17,2,middle,0.177,-0.006,multi_facet_clast_2,compact_block_clast,,,,
0.4494340076520689,-0.14481541680736343,0.04104486373620186,0.20765255274828992,0.15443400765206894,0.13881541680736342,0.4721889793073218,0.0,0.0,0.21011098235027917,11.312833888674197,0.005799258641356587,0.7811763544917754,-0.10863384272231702,3,18.846960999465328,0.2788543786221647,0.004478376986815372,0.2582338353260439,6.123123777855497e-17,-0.0059999640000648,7.347836707678707e-19,0.999982000054,8,,3,0,8,27.999097885362314,earth,2,statics_wall,single_face_wall_4course_v1,-1,18,2,middle,0.295,-0.006,skipped,skipped,4,27.999097885362314,1,no_feasible_pose
-0.2458285689589421,-0.13891527844423499,0.058532319700823975,0.1392625410978129,0.009828568958942102,0.13891527844423499,0.2823634889670417,0.0930699443620786,1.0,0.12722159964326626,12.671300664627136,0.09424324378847827,0.4284668227850378,-0.21071044758561833,3,7.106166749910989,-0.22897241721882228,0.002460458211410119,0.40724517897066587,6.123123777855497e-17,-0.0059999640000648,7.347836707678707e-19,0.999982000054,8,,2,0,8,8.479246046251578,earth,2,statics_wall,single_face_wall_4course_v1,-1,19,3,cap,-0.236,0.0,skipped,skipped,88,8.479246046251578,1,no_feasible_pose
-0.09174855132091615,-0.04611202990766351,0.2221807114922841,0.05306088823187779,0.02625144867908384,0.04611202990766351,0.1026845459243602,0.6474132039547115,4.0,0.05365157341626902,2.6137756737283904,0.01097305399035123,1.606912330483469,0.08962386215274193,6,3.3083702208510393,-0.10745112537370849,0.007225049770042501,0.27484029666429216,0.9237298680680254,0.016628933588845225,0.006887929820301198,0.3826214393228859,8,,7,0,8,3.3083702208510393,earth,2,statics_wall,single_face_wall_4course_v1,115,20,3,cap,-0.118,0.0,multi_facet_clast_2,course_block_clast,,,,
-0.07324016541424047,0.02806826016757993,0.21017189453406518,0.07843436146702706,0.07324016541424047,0.02806826016757993,0.07843436146702706,0.5947792296431265,3.0,0.09506454665288476,2.2520221922323254,0.20990946530799098,0.40914469226955397,0.039646376944576484,1,-0.12076989774687696,-0.01727611982664814,0.0007602126732613144,0.3131251457604326,0.7071067811865476,0.0,0.0,0.7071067811865476,8,,5,0,8,-0.12076989774687696,earth,2,statics_wall,single_face_wall_4course_v1,52,21,3,cap,0.0,0.0,multi_facet_clast_6,compact_block_clast,,,,
0.12185570676959322,0.014654207193815183,0.25639637258394193,0.01515296219134568,0.003855706769593223,0.014654207193815183,0.12273369162864918,0.5803410387911574,3.0,0.01709523158723641,1.2427985927378096,0.005298902585311999,0.23514370717330874,0.043008502518686265,0,-3.9914522274307487,0.10453199103957428,0.002156106221891506,0.31487128954658944,1.0,0.0,0.0,0.0,8,,0,0,8,-3.9914522274307487,earth,2,statics_wall,single_face_wall_4course_v1,106,22,3,cap,0.118,0.0,multi_facet_clast_6,equant_clast,,,,
0.20824669760175937,0.003354672219238552,0.26944610578028494,0.027955314695183083,0.027753302398240615,0.003354672219238552,0.2082737162671688,0.8719032779820454,3.0,0.026031699543359228,1.143565197819592,0.09507325770153971,4.754801763203155,0.05437685488712812,3,18.816851431785967,0.19160940995491815,0.0051031079067007,0.3131899087186883,6.123123777855497e-17,-0.0059999640000648,7.347836707678707e-19,0.999982000054,8,,2,0,8,18.816851431785967,earth,2,statics_wall,single_face_wall_4course_v1,81,23,3,cap,0.236,0.0,multi_facet_clast_5,cap_block_clast,,,,
-0.36119060960464416,-0.006888985382901598,0.06601458290362167,0.009958061362144393,0.0071906096046441825,0.006888985382901598,0.36125630041036005,1.0,1.0,0.0,5.508781949180639,0.0,19.46079139523039,0.13805075329837976,7,104.1459581234939,-0.3700955310991057,0.0077201623154827285,0.0760361703947581,0.9237298680680254,0.006887929820301199,0.016628933588845225,-0.3826214393228859,8,,4,0,8,104.1459581234939,earth,3,statics_wall,single_face_wall_4course_v1,62,0,0,base,-0.354,0.0,multi_facet_clast_7,bearing_block_clast,,,,
0.0035472954448457295,-0.05829365979907467,0.057896307976387666,0.2465381461918428,0.2395472954448457,0.05829365979907467,0.05840149037262044,1.0,1.0,0.0,1.7600983817531302,0.09292583849712284,2.4517001836292516,0.10397133776969614,3,15.727074380179966,-0.24203559156127707,0.007870338623087041,0.05007502979330847,6.123123777855497e-17,-0.0059999640000648,7.347836707678707e-19,0.999982000054,8,,7,0,8,16.10976511113918,earth,3,statics_wall,single_face_wall_4course_v1,122,1,0,base,-0.236,0.0,multi_facet_clast_10,bearing_block_clast,,,,
-0.11708079615035186,-0.0024811230931853817,0.05849158401299015,0.002645922810806421,0.000919203849648137,0.0024811230931853817,0.11710708261673922,1.0,1.0,0.0,2.7619274985798556,0.0015335937901878205,0.14879830516503686,0.12333739871003485,4,-0.34865650769443146,-0.13782702842537628,-0.008274514478414121,0.0688458146970447,0.9991281651166032,0.011990113512372953,0.00047986049339428585,0.03998645498912335,8,,6,0,8,-0.34865650769443146,earth,3,statics_wall,single_face_wall_4course_v1,76,2,0,base,-0.118,0.0,multi_facet_clast_2,compact_block_clast,,,,
-0.059364967741753115,0.16985486499247024,0.043820380866730506,0.17993019356569834,0.059364967741753115,0.16985486499247024,0.17993019356569834,1.0,1.0,0.0,1.7417184584786523,0.8761122069823202,4.289410327767265,0.08987052425282144,5,31.669610825398994,-0.01410054179902538,-0.0058172453425463875,0.05005014338609094,0.9991281651166032,0.0004798604933942866,0.011990113512372953,-0.03998645498912335,8,,7,0,8,32.52795557815972,earth,3,statics_wall,single_face_wall_4course_v1,-1,3,0,base,0.0,0.0,skipped,skipped,14,32.52795557815972,1,no_feasible_pose
0.12343065777236857,-0.0052194029373168775,0.04375297051944629,0.007532211551905542,0.005430657772368577,0.0052194029373168775,0.1235409626202647,1.0,1.0,0.0,1.7417184584786523,0.0029168664170814377,4.289410327767277,0.08980311390553722,3,22.027822157908208,0.10585510182422767,-0.004254549091459738,0.05005014338609094,6.123123777855497e-17,-0.0059999640000648,7.347836707678707e-19,0.999982000054,8,,7,0,8,22.027822157908208,earth,3,statics_wall,single_face_wall_4course_v1,14,4,0,base,0.118,0.0,multi_facet_clast_5,bearing_block_clast,,,,
0.2597576030226472,-0.0023880795168512645,0.051888777621725946,0.02387732449753325,0.023757603022647233,0.0023880795168512645,0.25976858018599935,1.0,1.0,0.0,2.480721131847841,0.02037963815899568,0.03322603833005408,0.10851028136372165,0,-0.611596946383431,0.236,0.0,0.06062150374199571,1.0,0.0,0.0,0.0,8,,3,0,8,-0.611596946383431,earth,3,statics_wall,single_face_wall_4course_v1,36,5,0,base,0.236,0.0,multi_facet_clast_10,bearing_block_clast,,,,
0.7778305966906508,0.031491511333889624,0.06230991347957378,0.42499892938364636,0.4238305966906508,0.031491511333889624,0.7784678236344945,1.0,1.0,0.0,2.526463352743852,0.014678213286232778,0.27533017824585293,0.12908707485121498,4,6.219832524968944,0.35269625431723267,0.006359275131006787,0.07077716137164121,0.9991281651166032,0.011990113512372953,0.00047986049339428585,0.03998645498912335,8,,2,0,8,7.4948271718871755,earth,3,statics_wall,single_face_wall_4course_v1,-1,6,0,base,0.354,0.0,skipped,skipped,112,7.4948271718871755,1,no_feasible_pose
-0.3064253497654498,-0.01632618556825867,0.05329802235355825,0.025079816173393,0.011425349765449788,0.022326185568258668,0.30685996694597917,0.10630904077658188,1.0,0.08162067484621134,12.271435524813498,0.00045744262368996677,1.8765864544795592,-0.03179192518237686,1,11.132841591335207,-0.28568415012520465,0.006885560089280341,0.2050115590608244,0.7071067811865476,0.0,0.0,0.7071067811865476,8,,7,0,8,11.260009292064716,earth,3,statics_wall,single_face_wall_4course_v1,45,7,1,middle,-0.295,0.006,multi_facet_clast_2,cap_block_clast,,,,
-0.13812596767312896,-0.0032435238823701504,0.1711976822943272,0.0399578918752549,0.03887403232687103,0.009243523882370151,0.13816404522455822,0.8297051335097623,1.0,0.017703290754091733,1.8040995145470855,0.013908484690525181,0.47154813938544715,0.1033475078365326,2,-2.8517084927238874,-0.14513922187048464,0.005993678834287358,0.19282462296227512,0.70709405330267,0.004242615231320983,-0.004242615231320983,-0.70709405330267,8,,3,0,8,-2.8517084927238874,earth,3,statics_wall,single_face_wall_4course_v1,124,8,1,middle,-0.177,0.006,multi_facet_clast_2,compact_block_clast,,,,
0.16075344863823532,-0.004586565991838144,0.12799387808341725,0.2200083034067057,0.21975344863823532,0.010586565991838144,0.16081886654457941,0.6642694841194481,2.0,0.19595719505388107,1.984260915708385,0.1828370508344338,1.3189030186759934,0.058244708305227155,0,8.217608595958103,-0.04977137909902696,0.002622621004078853,0.19092562764187965,1.0,0.0,0.0,0.0,8,,7,0,8,8.467650112991631,earth,3,statics_wall,single_face_wall_4course_v1,39,9,1,middle,-0.059,0.006,multi_facet_clast_8,course_block_clast,,,,
0.04441715632198189,0.0029788248071599454,0.15418857522104912,0.014892509166804119,0.014582843678018105,0.0030211751928400548,0.044516931306673946,0.413522346460915,2.0,0.060181470062029695,4.103348083584808,0.004476815115139287,0.0715312369140616,0.0880259030413667,7,-2.2007341974740893,0.05183290962558787,-0.0017931923270204453,0.1945121252403873,0.9237298680680254,0.006887929820301199,0.016628933588845225,-0.3826214393228859,8,,0,0,8,-2.2007341974740893,earth,3,statics_wall,single_face_wall_4course_v1,55,10,1,middle,0.059,0.006,multi_facet_clast_2,course_block_clast,,,,
0.4101323913648896,0.1180591754200906,0.05562208573350255,0.258665750920648,0.2331323913648896,0.1120591754200906,0.42678630173373033,0.0,0.0,0.29131860243202035,31.60751373675583,0.17868759516078786,1.2389324036104032,0.011253528032155888,6,26.010164566958196,0.1635408355913806,-0.0005268593396326052,0.18665200502609663,0.9237298680680254,0.016628933588845225,0.006887929820301198,0.3826214393228859,8,,2,0,8,34.742025900342256,earth,3,statics_wall,single_face_wall_4course_v1,-1,11,1,middle,0.177,0.006,skipped,skipped,115,34.742025900342256,1,no_feasible_pose
0.44009528187608893,0.07398235355557169,0.05898987750282501,0.1602318358431197,0.14509528187608894,0.06798235355557168,0.44627037294359545,0.0,0.0,0.2399779857065117,31.60751373675583,0.15983252902223896,0.014400570110483013,0.01462131980147835,5,16.739255739910774,0.258271134986971,0.002750750440094595,0.18665200502609663,0.9991281651166032,0.0004798604933942866,0.011990113512372953,-0.03998645498912335,8,,2,0,8,24.739255739910774,earth,3,statics_wall,single_face_wall_4course_v1,-1,12,1,middle,0.295,0.006,skipped,skipped,115,24.739255739910774,1,no_feasible_pose
-0.31267236487017025,-0.010415140364594792,0.13587235702185754,0.018215541291531863,0.017672364870170265,0.0044151403645947915,0.31284578134013424,0.8402586542849161,1.0,0.024798963756617224,0.9629564144785192,0.004049814130280774,0.17921806172958274,-0.04539609580017573,4,-5.24413987201503,-0.2958970479547209,-0.010684572929860027,0.28610136027110167,0.9991281651166032,0.011990113512372953,0.00047986049339428585,0.03998645498912335,8,,5,0,8,-5.0625554888143265,earth,3,statics_wall,single_face_wall_4course_v1,64,13,2,middle,-0.295,-0.006,multi_facet_clast_6,compact_block_clast,,,,
-0.20371124049739364,-0.024763815746121225,0.1879260725481097,0.03264308732739582,0.02671124049739365,0.018763815746121223,0.20521090632638117,0.680061458328461,2.0,0.04162982875915133,5.683522671392883,0.1607699711007192,1.4967546100493567,0.039271159740521006,5,4.625428853171724,-0.18018426176491378,-0.01222450421169027,0.31871490028554617,0.9991281651166032,0.0004798604933942866,0.011990113512372953,-0.03998645498912335,8,,5,0,8,4.625428853171724,earth,3,statics_wall,single_face_wall_4course_v1,100,14,2,middle,-0.177,-0.006,multi_facet_clast_2,compact_block_clast,,,,
-0.018800832622721947,0.06557174841053834,0.10767822908265944,0.0820882953189297,0.04019916737727805,0.07157174841053834,0.06821382189060032,0.158588997793351,2.0,0.10058224894559922,12.327414994076292,0.026933363835343282,0.08072951583839026,-0.040206658245914295,6,1.7570847968525292,-0.05668513934924904,-0.022260422597773596,0.31948492576456117,0.9237298680680254,0.016628933588845225,0.006887929820301198,0.3826214393228859,8,,3,0,8,1.9179114298361863,earth,3,statics_wall,single_face_wall_4course_v1,27,15,2,middle,-0.059,-0.006,multi_facet_clast_3,course_block_clast,,,,
0.03867668743730344,-0.04987434376751571,0.14701202066421915,0.04835281868258773,0.02032331256269656,0.043874343767515714,0.06311367773599633,0.42402613047034154,2.0,0.06131625784571724,6.416104880281393,0.014810118541190633,0.09162161909200008,0.0025236425898215176,6,-1.7860651268917818,0.03810794209925569,0.010698147338759744,0.2922382254284055,0.9237298680680254,0.016628933588845225,0.006887929820301198,0.3826214393228859,8,,5,0,8,-1.7860651268917818,earth,3,statics_wall,single_face_wall_4course_v1,38,16,2,middle,0.059,-0.006,multi_facet_clast_2,bearing_block_clast,,,,
0.1186944591196176,-0.00041598505304977606,0.21853661155247475,0.058572325549543496,0.058305540880382395,0.005584014946950224,0.11869518806279779,0.9608821312589936,2.0,0.04850017601655329,0.8074236227473753,0.004230698746596232,0.141381875138484,0.05445087423483569,1,-6.299319430785384,0.14077466951101664,-0.007289448961412749,0.2726408661851641,0.7071067811865476,0.0,0.0,0.7071067811865476,8,,5,0,8,-6.299319430785384,earth,3,statics_wall,single_face_wall_4course_v1,4,17,2,middle,0.177,-0.006,multi_facet_clast_6,compact_block_clast,,,,
0.41331954187610326,-0.11823494923748305,0.0499717349279165,0.16308340755610717,0.11831954187610327,0.11223494923748305,0.4298982983425988,0.0,0.0,0.22010919816056848,19.213516593825975,0.026576893769644887,0.5669993430174117,-0.16734417410479932,5,18.065625047117308,0.16759586898661005,-0.0112577313615311,0.3283124429397587,0.9991281651166032,0.0004798604933942866,0.011990113512372953,-0.03998645498912335,8,,7,0,8,27.02511628667385,earth,3,statics_wall,single_face_wall_4course_v1,-1,18,2,middle,0.295,-0.006,skipped,skipped,7,27.02511628667385,1,no_feasible_pose
-0.2149636063963434,-0.01583293706488873,0.28119554184913576,0.026328914750682206,0.021036393603656584,0.01583293706488873,0.21554589759729312,0.9162408274513394,3.0,0.014612938659909504,1.0997137117572535,0.009106790129005506,0.5770136570744421,0.05729980447481303,3,-4.906791096698808,-0.2259108157796711,-0.013954054927366984,0.3220163951998542,6.123123777855497e-17,-0.0059999640000648,7.347836707678707e-19,0.999982000054,8,,4,0,8,-4.906791096698808,earth,3,statics_wall,single_face_wall_4course_v1,81,19,3,cap,-0.236,0.0,multi_facet_clast_5,cap_block_clast,,,,
-0.07013366174654517,-0.024199797682113187,0.15680100260242286,0.05363596317443514,0.04786633825345482,0.024199797682113187,0.07419137899940953,0.6480533369889214,3.0,0.04336903784395248,3.072541149628493,0.1714093423760197,0.24358574688732926,-0.04237790231302441,4,-2.3951223928443204,-0.11008654854891989,0.0008587374563436222,0.34673322765872966,0.9991281651166032,0.011990113512372953,0.00047986049339428585,0.03998645498912335,8,,0,0,8,-2.2256107835922228,earth,3,statics_wall,single_face_wall_4course_v1,112,20,3,cap,-0.118,0.0,multi_facet_clast_2,compact_block_clast,,,,
0.05488459280852229,-0.011892871610725417,0.1873834991633242,0.056158337964246186,0.05488459280852229,0.011892871610725417,0.056158337964246186,0.8022460277693677,3.0,0.0584068766199136,1.1106944429257537,0.006073813277600044,0.32393441466151895,0.019906698133782125,3,-4.7451824812303345,0.059226538119030024,0.0008931494112331159,0.27429708765290406,6.123123777855497e-17,-0.0059999640000648,7.347836707678707e-19,0.999982000054,8,,7,0,8,-4.7451824812303345,earth,3,statics_wall,single_face_wall_4course_v1,34,21,3,cap,0.0,0.0,multi_facet_clast_6,equant_clast,,,,
0.16215780023764712,0.09000071429726546,0.05627024581726092,0.10024988726101368,0.04415780023764712,0.09000071429726546,0.18545964723338249,0.10300751056655089,2.0,0.10429446680668797,3.8763862156580737,0.0915128351949312,0.4312592392224997,-0.16580222042830944,3,4.635540786591257,0.11892966988288028,-0.0006558459018762707,0.32355588572690414,6.123123777855497e-17,-0.0059999640000648,7.347836707678707e-19,0.999982000054,8,,1,0,8,5.388756096979884,earth,3,statics_wall,single_face_wall_4course_v1,-1,22,3,cap,0.118,0.0,skipped,skipped,106,5.388756096979884,1,no_feasible_pose
0.1116186847675303,0.08080325198737164,0.11906528341555463,0.14832355548156764,0.12438131523246969,0.08080325198737164,0.13779657586808164,0.3062174406653446,2.0,0.13713227679957474,3.2944073384020003,0.09402390982475178,0.3147182281968372,-0.094840449481611,3,2.8580035284646623,0.12456519663991222,-0.000876499826017765,0.33172261907530887,6.123123777855497e-17,-0.0059999640000648,7.347836707678707e-19,0.999982000054,8,,7,0,8,3.244594594277451,earth,3,statics_wall,single_face_wall_4course_v1,-1,23,3,cap,0.236,0.0,skipped,skipped,105,3.244594594277451,1,no_feasible_pose
-0.3541558605127385,-0.002979832378189139,0.06207512503365062,0.002983905746087744,0.00015586051273852597,0.002979832378189139,0.35416839629831515,1.0,1.0,0.0,3.469604542520941,0.0,32.90518018393906,0.12895004871065455,7,176.56406584630727,-0.3685939174297801,0.009173956676204522,0.07087492367700393,0.9237298680680254,0.006887929820301199,0.016628933588845225,-0.3826214393228859,8,,0,0,8,176.56406584630727,moon,0,statics_wall,single_face_wall_4course_v1,38,0,0,base,-0.354,0.0,multi_facet_clast_2,bearing_block_clast,,,,
0.09862806684399013,-0.029387854283548613,0.04537464249872457,0.33591604471822567,0.3346280668439901,0.029387854283548613,0.10291327197584223,1.0,1.0,0.0,1.7600983817531302,1.0822927523058015,3.5154720003508753,0.09144967229203303,6,30.811743453778057,-0.24959118094818325,-0.0056316922744860205,0.05007502979330847,0.9237298680680254,0.016628933588845225,0.006887929820301198,0.3826214393228859,8,,7,0,8,31.641323677369186,moon,0,statics_wall,single_face_wall_4course_v1,-1,1,0,base,-0.236,0.0,skipped,skipped,122,31.641323677369186,1,no_feasible_pose
-0.11346351343814137,-2.7805439352465354e-05,0.04537464324852444,0.004536571774851737,0.004536486561858621,2.7805439352465354e-05,0.11346351684515048,1.0,1.0,0.0,1.7600983817531302,8.734332701543224e-16,3.5154720003508753,0.09144967304183291,5,17.79451667051539,-0.12473991865705462,0.0007390782484533205,0.05007502979330847,0.9991281651166032,0.0004798604933942866,0.011990113512372953,-0.03998645498912335,8,,7,0,8,17.79451667051539,moon,0,statics_wall,single_face_wall_4course_v1,122,2,0,base,-0.118,0.0,multi_facet_clast_10,bearing_block_clast,,,,
0.2634644355286365,0.04986816319372472,0.050428312799954335,0.2681423921888127,0.2634644355286365,0.04986816319372472,0.2681423921888127,1.0,1.0,0.0,2.1790387233735724,0.008136882326029162,0.032914576089405644,0.1076030393303068,0,2.352634901706388,0.0,0.0,0.061174726530352455,1.0,0.0,0.0,0.0,8,,7,0,8,2.8433468626504514,moon,0,statics_wall,single_face_wall_4course_v1,55,3,0,base,0.0,0.0,multi_facet_clast_2,course_block_clast,,,,
0.12149340365106542,0.004154001102927058,0.051900905851634954,0.005427669318629912,0.00349340365106543,0.004154001102927058,0.12156439797853578,1.0,1.0,0.0,2.480721131847841,4.337410222570426e-14,0.021630812279500516,0.10852240959363066,6,-1.0291288097868023,0.11169749967023437,-0.004858715076713989,0.06062150374199571,0.9237298680680254,0.016628933588845225,0.006887929820301198,0.3826214393228859,8,,2,0,8,-1.0291288097868023,moon,0,statics_wall,single_face_wall_4course_v1,36,4,0,base,0.118,0.0,multi_facet_clast_10,bearing_block_clast,,,,
1.2311293034183743,-1.5494017939549676,0.05682399899755853,1.841447324696748,0.9951293034183744,1.5494017939549676,1.97897076300947,1.0,1.0,0.0,1.7417184584786523,5.085895556907899,12.937344886834476,0.10287414238364948,2,150.87634775924823,0.21811774878558676,-0.0029275580928260665,0.05005014338609094,0.70709405330267,0.004242615231320983,-0.004242615231320983,-0.70709405330267,8,,6,0,8,172.45820052832667,moon,0,statics_wall,single_face_wall_4course_v1,-1,5,0,base,0.236,0.0,skipped,skipped,14,172.45820052832667,1,no_feasible_pose
0.5214168967028707,-0.07553777925713122,0.04376284026440325,0.1836691955574445,0.16741689670287074,0.07553777925713122,0.526860072754001,1.0,1.0,0.0,1.7417184584786523,0.15270795305652257,0.027569604803349277,0.08981298365049419,0,2.119212800528792,0.354,0.0,0.05005014338609094,1.0,0.0,0.0,0.0,8,,6,0,8,2.187558778316014,moon,0,statics_wall,single_face_wall_4course_v1,14,6,0,base,0.354,0.0,multi_facet_clast_5,bearing_block_clast,,,,
-0.22846316651370188,0.0014405449591102988,0.08138162310232003,0.06669286948882358,0.0665368334862981,0.004559455040889702,0.22846770805355993,0.24676111848982962,2.0,0.026240256596389483,5.62069302510495,0.006159004732208871,0.031902649151015046,0.005392380154110116,0,-0.7318334773121464,-0.27693559164638903,0.005060726273903098,0.1959108544730992,1.0,0.0,0.0,0.0,8,,7,0,8,-0.7318334773121464,moon,0,statics_wall,single_face_wall_4course_v1,45,7,1,middle,-0.295,0.006,multi_facet_clast_2,cap_block_clast,,,,
0.008129998856801537,-0.046360202947326075,0.06546132545821791,0.19239206670079853,0.18512999885680154,0.05236020294732607,0.04706766723270716,0.08599298047169113,1.0,0.1546950449168119,16.437926550928452,0.007509249173148443,0.011780964716190959,0.0032884381192045675,2,4.435144141222915,-0.16750127973325102,0.007362913782418337,0.20972721008229578,0.70709405330267,0.004242615231320983,-0.004242615231320983,-0.70709405330267,8,,0,0,8,4.547104474726908,moon,0,statics_wall,single_face_wall_4course_v1,112,8,1,middle,-0.177,0.006,multi_facet_clast_2,compact_block_clast,,,,
-0.11937407854557325,0.0002819237643099258,0.15477401720252856,0.06064425575488755,0.06037407854557325,0.005718076235690074,0.119374411452428,0.9965473480529032,1.0,0.021056600199156488,3.6481245301925136,0.0008140976379472168,0.02643747151707728,0.12597099709021548,3,-6.163160774832416,-0.0853902511833455,-0.005961834461535491,0.20040305854830054,6.123123777855497e-17,-0.0059999640000648,7.347836707678707e-19,0.999982000054,8,,3,0,8,-6.163160774832416,moon,0,statics_wall,single_face_wall_4course_v1,27,9,1,middle,-0.059,0.006,multi_facet_clast_3,course_block_clast,,,,
0.13797374903367537,0.1105909614698458,0.13365324280708024,0.131057705830755,0.07897374903367538,0.1045909614698458,0.176825100540711,0.291147252750774,2.0,0.09451927164756853,10.583037610584194,0.000305340461447513,0.021126744845642458,0.10316082695242831,7,0.725977631161868,0.05067380211857697,0.01326839138954837,0.2005524033326094,0.9237298680680254,0.006887929820301199,0.016628933588845225,-0.3826214393228859,8,,7,0,8,0.9472962843904802,moon,0,statics_wall,single_face_wall_4course_v1,100,10,1,middle,0.059,0.006,multi_facet_clast_2,compact_block_clast,,,,
0.1277613746174656,-0.004257363344152255,0.14403333365188384,0.05029568303876108,0.0492386253825344,0.010257363344152256,0.1278322885142424,0.9108295247419158,1.0,0.04968958809484862,0.8943707792254707,0.002098550910124444,0.020720692035199353,0.08092737778278736,5,-5.743544330830467,0.14779241716544728,0.0004058699140839679,0.16793886331816485,0.9991281651166032,0.0004798604933942866,0.011990113512372953,-0.03998645498912335,8,,5,0,8,-5.743544330830467,moon,0,statics_wall,single_face_wall_4course_v1,64,11,1,middle,0.177,0.006,multi_facet_clast_6,compact_block_clast,,,,
0.2696763402721036,0.01887873714596955,0.04299232265268656,0.028410378605172763,0.025323659727896408,0.012878737145969548,0.27033633721492567,0.0,0.0,0.025454945311573836,11.312833888674197,0.0011314903718065666,0.017417590691342508,-0.018252522507181596,4,9.606336863035697,0.28592578646023353,0.019976489105904008,0.16979997402739316,0.9991281651166032,0.011990113512372953,0.00047986049339428585,0.03998645498912335,8,,7,0,8,17.606336863035697,moon,0,statics_wall,single_face_wall_4course_v1,-1,12,1,middle,0.295,0.006,skipped,skipped,4,17.606336863035697,1,no_feasible_pose
-0.5346075832937706,-0.09162760834900273,0.05724646553822596,0.25444818978222544,0.23960758329377058,0.08562760834900272,0.5424028822996464,0.0,0.0,0.2819571080916275,31.60751373675583,0.001971422455097342,0.13585939994598054,-0.012954239664163716,1,18.113003260733002,-0.23318815240821972,-0.006620058109761484,0.21248415252713965,0.7071067811865476,0.0,0.0,0.7071067811865476,8,,2,0,8,26.585892684785154,moon,0,statics_wall,single_face_wall_4course_v1,-1,13,2,middle,-0.295,-0.006,skipped,skipped,115,26.585892684785154,1,no_feasible_pose
-1.7746668683274895,-0.048270807217121854,5.375657817564613,1.5982259675321744,1.5976668683274895,0.042270807217121856,1.7753232281386655,0.0,0.0,1.5727584569055557,31.60751373675583,0.6266526427657272,21.94434973267616,5.305457112362223,2,177.99717499836038,-0.13996255597674787,-0.009592503566250875,0.21248415252713965,0.70709405330267,0.004242615231320983,-0.004242615231320983,-0.70709405330267,8,,2,0,8,193.13830483602126,moon,0,statics_wall,single_face_wall_4course_v1,-1,14,2,middle,-0.177,-0.006,skipped,skipped,115,193.13830483602126,1,no_feasible_pose
-0.08732932738366546,-0.12557058026799023,0.0541408685405289,0.12288073264606941,0.028329327383665462,0.11957058026799022,0.15295222146187742,0.010670613364055725,0.0,0.11333175878555543,27.412766262777353,0.0019515618186421878,0.023106372725531038,-0.11743196203788159,3,13.518946896439905,-0.10419779497995027,-0.008307824045296,0.30957524226263405,6.123123777855497e-17,-0.0059999640000648,7.347836707678707e-19,0.999982000054,8,,4,0,8,22.344809967003343,moon,0,statics_wall,single_face_wall_4course_v1,-1,15,2,middle,-0.059,-0.006,skipped,skipped,88,22.344809967003343,1,no_feasible_pose
-0.0017655750195542336,-0.042403322517015986,0.16811075089885097,0.07083542191400398,0.06076557501955423,0.03640332251701599,0.04244006380334211,0.9059841587236581,1.0,0.09123341398384663,0.9178917359742162,0.0019447946910398708,0.02457065917990523,-0.01818572108790878,3,-5.6392477385040145,0.06589400549106778,-0.007620191623740712,0.2948516008542848,6.123123777855497e-17,-0.0059999640000648,7.347836707678707e-19,0.999982000054,8,,7,0,8,-5.6392477385040145,moon,0,statics_wall,single_face_wall_4course_v1,4,16,2,middle,0.059,-0.006,multi_facet_clast_6,compact_block_clast,,,,
0.1320206326714126,-0.0021468508786474214,0.23667027062559584,0.045144105301039864,0.0449793673285874,0.0038531491213525788,0.13203808700392172,0.966556952506681,3.0,0.02125930823731351,1.5427416223767383,0.003197203169150404,0.1531370180135866,0.08209224052858916,3,-6.794472155615267,0.1451015122855258,-0.0012105908850435867,0.2827884429951113,6.123123777855497e-17,-0.0059999640000648,7.347836707678707e-19,0.999982000054,8,,7,0,8,-6.794472155615267,moon,0,statics_wall,single_face_wall_4course_v1,123,17,2,middle,0.177,-0.006,multi_facet_clast_6,course_block_clast,,,,
3.1190434412919505,0.38567542406715605,0.15486001117036027,2.851075410458704,2.8240434412919506,0.39167542406715605,3.1427977219979835,0.0,0.0,2.8769393103904792,27.412766262777353,1.1261484310867214,4.252320643613289,0.027411429636054058,2,128.52421682954258,0.190204878849106,-0.0015027104804575925,0.26545099321852983,0.70709405330267,0.004242615231320983,-0.004242615231320983,-0.70709405330267,8,,4,0,8,152.7346726984405,moon,0,statics_wall,single_face_wall_4course_v1,-1,18,2,middle,0.295,-0.006,skipped,skipped,88,152.7346726984405,1,no_feasible_pose
1.617596988753704,0.5097529049644403,0.3694869572581692,1.9224125001769223,1.853596988753704,0.5097529049644403,1.696015342544028,0.0,0.0,1.930215399990481,29.924457475951787,1.3515730847913583,12.504168321415255,0.30135409512887856,3,149.63656423031904,-0.043713983018253605,-0.009233874646968466,0.21455199560023872,6.123123777855497e-17,-0.0059999640000648,7.347836707678707e-19,0.999982000054,8,,1,0,8,170.2664028758836,moon,0,statics_wall,single_face_wall_4course_v1,-1,19,3,cap,-0.236,0.0,skipped,skipped,136,170.2664028758836,1,no_feasible_pose
0.0058775937397952975,0.06082979034299631,0.1710024836880303,0.1380069622299348,0.12387759373979529,0.06082979034299631,0.0611130878073017,0.09995020670750998,1.0,0.1413009756006462,7.066031850180279,0.007526025830920929,0.26770866463977006,-0.002325502731817447,5,3.978681660829284,-0.008829614899235689,-0.013563249084507392,0.27144864424537923,0.9991281651166032,0.0004798604933942866,0.011990113512372953,-0.03998645498912335,8,,5,0,8,3.978681660829284,moon,0,statics_wall,single_face_wall_4course_v1,81,20,3,cap,-0.118,0.0,multi_facet_clast_5,cap_block_clast,,,,
-0.03996455016946839,-0.025772362454077515,0.2503048251596589,0.04755396867467846,0.03996455016946839,0.025772362454077515,0.04755396867467846,0.5664256265453725,4.0,0.029595271686821457,1.8514791772685142,0.05490706403669951,0.02881109354939918,0.012016572337251008,3,-4.429668269295451,0.010068891040966872,-0.0010302558467818797,0.36326270132688837,6.123123777855497e-17,-0.0059999640000648,7.347836707678707e-19,0.999982000054,8,,0,0,8,-4.429668269295451,moon,0,statics_wall,single_face_wall_4course_v1,124,21,3,cap,0.0,0.0,multi_facet_clast_2,compact_block_clast,,,,
0.04798534520926726,-0.028369706683605576,0.31049458182961587,0.0755439748939602,0.07001465479073274,0.028369706683605576,0.05574435946502896,0.6464880332702226,5.0,0.08276024110243926,2.287610103476433,0.015288390916775703,0.118780611686434,0.08292867149044181,4,-4.477170906529016,0.11044483588297231,-0.0015161461647042415,0.3739850438101222,0.9991281651166032,0.011990113512372953,0.00047986049339428585,0.03998645498912335,8,,0,0,8,-4.477170906529016,moon,0,statics_wall,single_face_wall_4course_v1,136,22,3,cap,0.118,0.0,multi_facet_clast_2,compact_block_clast,,,,
0.15720072151735923,-0.0064221871006221965,0.3242251042328165,0.07906055132959908,0.07879927848264076,0.0064221871006221965,0.15733185097981187,0.781635480511894,3.0,0.028996986516633703,0.9979280359995815,0.03155207624780069,0.8949072110909696,0.07419133689883523,3,-1.318596182556719,0.15789657467136572,-0.008576106942454592,0.351517186815315,6.123123777855497e-17,-0.0059999640000648,7.347836707678707e-19,0.999982000054,8,,0,0,8,-1.318596182556719,moon,0,statics_wall,single_face_wall_4course_v1,106,23,3,cap,0.236,0.0,multi_facet_clast_6,equant_clast,,,,
-0.35484845265257087,-0.003654415356683875,0.05950553358497045,0.0037516161187975384,0.0008484526525708858,0.003654415356683875,0.35486726969604143,1.0,1.0,0.0,2.526463352743852,0.0,32.90518018393906,0.12628269495661165,4,176.5210841690221,-0.3740983590775249,-0.0058026494465823735,0.07077716137164121,0.9991281651166032,0.011990113512372953,0.00047986049339428585,0.03998645498912335,8,,2,0,8,176.5210841690221,moon,1,statics_wall,single_face_wall_4course_v1,112,0,0,base,-0.354,0.0,multi_facet_clast_2,compact_block_clast,,,,
-0.2197423003461167,-0.0002152708582151739,0.0453746432485244,0.016259124809726806,0.016257699653883295,0.0002152708582151739,0.21974240579129317,1.0,1.0,0.0,1.7600983817531302,0.09332426872986802,3.5154720003508753,0.09144967304183287,0,18.663025371917026,-0.236,0.0,0.05007502979330847,1.0,0.0,0.0,0.0,8,,7,0,8,18.663025371917026,moon,1,statics_wall,single_face_wall_4course_v1,122,1,0,base,-0.236,0.0,multi_facet_clast_10,bearing_block_clast,,,,
0.6823603380633402,-0.23194650208657774,0.07712265393195131,0.8332921759953485,0.8003603380633402,0.23194650208657774,0.7207043851622624,1.0,1.0,0.0,4.420841059049236,0.4994328910802337,1.4317788859566052,0.15515264767093004,4,24.297402587952373,-0.1124251566207618,-0.008737283835528579,0.08202999373897873,0.9991281651166032,0.011990113512372953,0.00047986049339428585,0.03998645498912335,8,,4,0,8,28.981381986708314,moon,1,statics_wall,single_face_wall_4course_v1,-1,2,0,base,-0.118,0.0,skipped,skipped,100,28.981381986708314,1,no_feasible_pose
-0.006610062084531269,-0.0014113634837352128,0.04838984881866655,0.0067590581921284755,0.006610062084531269,0.0014113634837352128,0.0067590581921284755,1.0,1.0,0.0,2.1790387233735724,1.2197274440461925e-17,0.030665994633530088,0.105564575349019,4,-0.9820792496139213,0.007024949301380394,0.0005493720102658708,0.061174726530352455,0.9991281651166032,0.011990113512372953,0.00047986049339428585,0.03998645498912335,8,,7,0,8,-0.9820792496139213,moon,1,statics_wall,single_face_wall_4course_v1,55,3,0,base,0.0,0.0,multi_facet_clast_2,course_block_clast,,,,
0.2442259940489364,-0.0013480601868675808,0.05192195394624499,0.1262331923065782,0.12622599404893642,0.0013480601868675808,0.24422971448097494,1.0,1.0,0.0,2.480721131847841,0.033929139343416403,0.1820133156107741,0.1085434576882407,0,1.3647401056715545,0.118,0.0,0.06062150374199571,1.0,0.0,0.0,0.0,8,,2,0,8,1.3647401056715545,moon,1,statics_wall,single_face_wall_4course_v1,36,4,0,base,0.118,0.0,multi_facet_clast_10,bearing_block_clast,,,,
-1.8572144681406522,2.2744562595524562,8.054161107323761,3.0910674671140232,2.093214468140652,2.2744562595524562,2.9363918092257912,1.0,1.0,0.0,5.508781949180639,0.03496646414080983,2.3302730046241042,8.12619727771852,7,77.06443593396236,0.22635682369550467,0.001929961404331044,0.0760361703947581,0.9237298680680254,0.006887929820301199,0.016628933588845225,-0.3826214393228859,8,,2,0,8,111.41987960550458,moon,1,statics_wall,single_face_wall_4course_v1,-1,5,0,base,0.236,0.0,skipped,skipped,62,111.41987960550458,1,no_feasible_pose
0.7583331606624978,0.15024991416963868,0.0542903249493952,0.43134712415792115,0.4043331606624978,0.15024991416963868,0.7730745237481037,1.0,1.0,0.0,1.7417184584786523,0.24988592387783423,0.05952723819099684,0.10034046833548614,6,7.6359567348740125,0.3491597829418882,0.009231862263221681,0.05005014338609094,0.9237298680680254,0.016628933588845225,0.006887929820301198,0.3826214393228859,8,,6,0,8,9.574941583190366,moon,1,statics_wall,single_face_wall_4course_v1,-1,6,0,base,0.354,0.0,skipped,skipped,14,9.574941583190366,1,no_feasible_pose
-0.31171999010648005,0.00601282526931854,0.13291176774640254,0.01671999502536781,0.016719990106480065,1.2825269318539854e-05,0.31177797596960466,0.5010557163301217,2.0,0.0542091088343116,5.941070762005509,0.023919481530667447,0.025752694756676433,0.08542909200778459,0,-2.764244922475743,-0.2816290368686743,0.005008405118093345,0.2190827141746054,1.0,0.0,0.0,0.0,8,,3,0,8,-2.764244922475743,moon,1,statics_wall,single_face_wall_4course_v1,27,7,1,middle,-0.295,0.006,multi_facet_clast_3,course_block_clast,,,,
-0.1380978076573125,0.03718669716340119,0.04533091831186148,0.049859709676542935,0.03890219234268749,0.031186697163401195,0.14301697425717896,0.05355125236080671,0.0,0.07958172618138021,11.077112176537874,0.0005236127870087933,0.019428619418748325,-0.035535322920215995,1,9.879154148365942,-0.1959300050783494,0.002792514085050807,0.18569914868114584,0.7071067811865476,0.0,0.0,0.7071067811865476,8,,6,0,8,18.021295440046806,moon,1,statics_wall,single_face_wall_4course_v1,-1,8,1,middle,-0.177,0.006,skipped,skipped,64,18.021295440046806,1,no_feasible_pose
-0.1284283425677833,0.007614855302834112,0.10820210849999885,0.06944712023805279,0.0694283425677833,0.001614855302834112,0.1286538969327824,0.3331612875506179,2.0,0.08565941112867413,4.635966851605339,0.0004492604265002789,0.00997462188549144,0.0555983389134245,3,-1.1097660995526186,-0.09603421155676287,0.00830312531169617,0.17252538111146365,6.123123777855497e-17,-0.0059999640000648,7.347836707678707e-19,0.999982000054,8,,5,0,8,-1.1097660995526186,moon,1,statics_wall,single_face_wall_4course_v1,45,9,1,middle,-0.059,0.006,multi_facet_clast_2,cap_block_clast,,,,
-0.012353754259596044,0.006585516820088257,0.14343258229709388,0.07135615654507624,0.07135375425959604,0.0005855168200882572,0.013999438420670765,0.7437794274778305,1.0,0.018997510286893837,1.0757357425594105,0.0015469537665478456,0.026124239745054796,0.08030557833338736,4,-4.486756388506938,0.0034193728798086326,0.0019144550751939433,0.1679599114127749,0.9991281651166032,0.011990113512372953,0.00047986049339428585,0.03998645498912335,8,,5,0,8,-4.486756388506938,moon,1,statics_wall,single_face_wall_4course_v1,64,10,1,middle,0.059,0.006,multi_facet_clast_6,compact_block_clast,,,,
0.10949040118135084,0.022075671244665484,0.04917773749644621,0.0693972127583055,0.06750959881864915,0.016075671244665482,0.1116937026503988,0.0,0.0,0.03100200583738954,20.444571516866677,0.0005755822691512228,0.02464010141854945,-0.005777491259949724,2,10.891280541700915,0.1084362197292444,0.00611211241373793,0.1761316866200855,0.70709405330267,0.004242615231320983,-0.004242615231320983,-0.70709405330267,8,,5,0,8,18.891280541700915,moon,1,statics_wall,single_face_wall_4course_v1,-1,11,1,middle,0.177,0.006,skipped,skipped,39,18.891280541700915,1,no_feasible_pose
0.13581331860272386,0.1541506451795562,0.05585824416304866,0.21746037156548007,0.15918668139727613,0.1481506451795562,0.2054450751883783,0.0,0.0,0.15928703174550887,27.412766262777353,0.0008461121663802831,0.10271137120749513,0.00931599231691975,4,15.81370841001415,0.23056678691940943,0.006387188042529173,0.18454466353035248,0.9991281651166032,0.011990113512372953,0.00047986049339428585,0.03998645498912335,8,,4,0,8,24.664366074457558,moon,1,statics_wall,single_face_wall_4course_v1,-1,12,1,middle,0.295,0.006,skipped,skipped,88,24.664366074457558,1,no_feasible_pose
-0.2997329948562803,-0.023236996643595572,0.2786090545312962,0.017874990730092726,0.004732994856280315,0.01723699664359557,0.300632377196019,0.8097357474050941,2.0,0.030838028373949746,4.923514840562733,0.004345164269443617,0.06474807343698787,0.14492726130587869,3,-5.674523873879033,-0.29510379507368467,-0.006240461965803417,0.303741780703375,6.123123777855497e-17,-0.0059999640000648,7.347836707678707e-19,0.999982000054,8,,6,0,8,-5.674523873879033,moon,1,statics_wall,single_face_wall_4course_v1,100,13,2,middle,-0.295,-0.006,multi_facet_clast_2,compact_block_clast,,,,
-0.07929859641364884,0.0056352574347338005,0.21046049450570267,0.0983917856241851,0.09770140358635115,0.0116352574347338,0.07949857558177054,0.6500428558296322,3.0,0.07725469575178005,2.8409880292601097,0.369005779491509,1.7641340780505652,0.06289043120368143,2,8.308830261389419,-0.16928965365255283,-0.0016225460323616232,0.2898535106267712,0.70709405330267,0.004242615231320983,-0.004242615231320983,-0.70709405330267,8,,2,0,8,8.308830261389419,moon,1,statics_wall,single_face_wall_4course_v1,115,14,2,middle,-0.177,-0.006,multi_facet_clast_2,course_block_clast,,,,
-0.4879217072660682,-0.5005757856980546,4.486960848611618,0.6546594830619096,0.4289217072660682,0.4945757856980546,0.6990305498679292,0.0,0.0,0.6565948083294357,37.286021230828055,0.5339620136982176,1.4075887427276268,4.362957627287035,1,43.395832221686256,-0.0912568834936543,-0.006131551394590879,0.26769485071867277,0.7071067811865476,0.0,0.0,0.7071067811865476,8,,2,0,8,57.550311708278294,moon,1,statics_wall,single_face_wall_4course_v1,-1,15,2,middle,-0.059,-0.006,skipped,skipped,76,57.550311708278294,1,no_feasible_pose
1.6097390582850941,-0.14157157915391136,0.04506644470198972,1.5566538728841508,1.5507390582850942,0.13557157915391135,1.6159524583949596,0.0,0.0,1.5905489787839953,11.312833888674197,0.2359438659856881,1.7664571430056502,-0.09650502688587584,3,66.33159901369076,-0.013025460384464983,-0.002550200746175303,0.2501266004553906,6.123123777855497e-17,-0.0059999640000648,7.347836707678707e-19,0.999982000054,8,,7,0,8,82.15103269804023,moon,1,statics_wall,single_face_wall_4course_v1,-1,16,2,middle,0.059,-0.006,skipped,skipped,4,82.15103269804023,1,no_feasible_pose
0.08056211561523466,-0.052520536670108725,0.039813033174819615,0.10707205927170867,0.09643788438476533,0.04652053667010873,0.09616996019817556,0.0,0.0,0.07912718949149841,11.312833888674197,0.04989950152994367,0.3584167666896891,-0.10175843841304594,3,13.28179195194845,0.01562576497052252,-0.007444624896054719,0.2501266004553906,6.123123777855497e-17,-0.0059999640000648,7.347836707678707e-19,0.999982000054,8,,7,0,8,21.68882570560063,moon,1,statics_wall,single_face_wall_4course_v1,-1,17,2,middle,0.177,-0.006,skipped,skipped,4,21.68882570560063,1,no_feasible_pose
0.08079484481615196,-0.003745976365325184,0.05772067948234128,0.21421701409991245,0.21420515518384803,0.002254023634674816,0.08088163751925187,0.23508971709794824,1.0,0.09978405565217766,5.190793709211732,0.04991963190306684,0.02131703730693609,-0.077540127607442,2,2.2553505875886994,0.0343143265439136,-0.016666382000513794,0.25643726495347285,0.70709405330267,0.004242615231320983,-0.004242615231320983,-0.70709405330267,8,,4,0,8,2.7865961685180296,moon,1,statics_wall,single_face_wall_4course_v1,39,18,2,middle,0.295,-0.006,multi_facet_clast_8,course_block_clast,,,,
-0.22143829519775748,-0.018469803333606982,0.1494285240622391,0.023519712624302448,0.014561704802242503,0.018469803333606982,0.22220722808961754,0.74232632564064,2.0,0.022106463625678273,2.4304082001211387,0.011442918875552594,0.36091267987862574,-0.14520931836592404,2,-3.667704396544113,-0.2235660228330698,-0.013580819407725726,0.4326402541123867,0.70709405330267,0.004242615231320983,-0.004242615231320983,-0.70709405330267,8,,4,0,8,-3.0868671230804168,moon,1,statics_wall,single_face_wall_4course_v1,-1,19,3,cap,-0.236,0.0,skipped,skipped,88,-3.0868671230804168,1,no_feasible_pose
-0.315452438518131,0.021714308707020905,0.09680902354945403,0.19864283696972337,0.197452438518131,0.021714308707020905,0.3161989123473688,0.43094721794882174,1.0,0.21700835148149528,2.4885816917573504,0.03551017037266346,0.026179625774816175,-0.21776969580805516,4,2.2840738124995705,-0.11717786178666424,-0.0034545781271136653,0.41269937718304067,0.9991281651166032,0.011990113512372953,0.00047986049339428585,0.03998645498912335,8,,6,0,8,3.298366780580408,moon,1,statics_wall,single_face_wall_4course_v1,-1,20,3,cap,-0.118,0.0,skipped,skipped,81,3.298366780580408,1,no_feasible_pose
0.07299729278860863,-0.13708320485766576,0.06870158651583018,0.15530746861794706,0.07299729278860863,0.13708320485766576,0.15530746861794706,0.18486425612647672,1.0,0.14095925430810813,14.612760438584516,0.14577269212221305,2.1490952650796147,-0.13524430858227082,5,16.280077789328,-0.02702693985906131,-0.0014616529929735464,0.35925854123805434,0.9991281651166032,0.0004798604933942866,0.011990113512372953,-0.03998645498912335,8,,7,0,8,17.334803867376078,moon,1,statics_wall,single_face_wall_4course_v1,-1,21,3,cap,0.0,0.0,skipped,skipped,22,17.334803867376078,1,no_feasible_pose
0.742476037862442,-0.15146568343249994,0.04461051817620292,0.6425824267143075,0.624476037862442,0.15146568343249994,0.7577681176043135,0.0,0.0,0.6674545416724902,11.312833888674197,0.018495103222572484,1.0846337763758642,-0.019420825804220637,3,34.07490812071446,0.05835314670454518,-0.007383903217105583,0.1725864728479486,6.123123777855497e-17,-0.0059999640000648,7.347836707678707e-19,0.999982000054,8,,3,0,8,45.081011405178494,moon,1,statics_wall,single_face_wall_4course_v1,-1,22,3,cap,0.118,0.0,skipped,skipped,4,45.081011405178494,1,no_feasible_pose
0.15531245135288396,0.010339452496745689,0.12011466647089629,0.08134730963352861,0.08068754864711603,0.010339452496745689,0.15565622963175746,0.47307588381725874,2.0,0.07363928392112856,2.5924200110893745,0.03782300573934844,0.020345398137849923,0.06429298230895047,2,-2.5765734082507317,0.08031930557370429,-0.0025507700101464205,0.18079613266642633,0.70709405330267,0.004242615231320983,-0.004242615231320983,-0.70709405330267,8,,0,0,8,-2.5765734082507317,moon,1,statics_wall,single_face_wall_4course_v1,124,23,3,cap,0.236,0.0,multi_facet_clast_2,compact_block_clast,,,,
-0.3507803542516991,-0.010968389920821376,0.05190090585163644,0.011431172127114864,0.003219645748300859,0.010968389920821376,0.3509517951320419,1.0,1.0,0.0,2.480721131847841,0.0,32.90518018393906,0.10852240959363214,5,176.60447422638273,-0.36255033654219265,-0.0074865570336447905,0.06062150374199571,0.9991281651166032,0.0004798604933942866,0.011990113512372953,-0.03998645498912335,8,,3,0,8,176.60447422638273,moon,3,statics_wall,single_face_wall_4course_v1,36,0,0,base,-0.354,0.0,multi_facet_clast_10,bearing_block_clast,,,,
0.012884538449813692,0.04143385624275397,0.05923022782104841,0.25230988471029425,0.24888453844981367,0.04143385624275397,0.04339096420004895,1.0,1.0,0.0,2.7619274985798556,0.03804538935607061,3.5154720003508753,0.12407604251809312,4,21.172434241602712,-0.23149570029115873,0.0021030227503619024,0.0688458146970447,0.9991281651166032,0.011990113512372953,0.00047986049339428585,0.03998645498912335,8,,6,0,8,21.583983665154182,moon,3,statics_wall,single_face_wall_4course_v1,76,1,0,base,-0.236,0.0,multi_facet_clast_2,compact_block_clast,,,,
-0.11870243225297523,-0.00431534358071891,0.045374643248524395,0.004372139212064476,0.0007024322529752408,0.00431534358071891,0.1187808469955987,1.0,1.0,0.0,1.7600983817531302,7.464005399941193e-05,0.030665994691955824,0.09144967304183285,2,-1.024548738263774,-0.11972127362813831,0.0069555311251329474,0.05007502979330847,0.70709405330267,0.004242615231320983,-0.004242615231320983,-0.70709405330267,8,,6,0,8,-1.024548738263774,moon,3,statics_wall,single_face_wall_4course_v1,122,2,0,base,-0.118,0.0,multi_facet_clast_10,bearing_block_clast,,,,
-0.639531109347358,-2.938067768831709,0.07189309573549156,3.0068658523570355,0.639531109347358,2.938067768831709,3.0068658523570355,1.0,1.0,0.0,1.7417184584786523,2.437236863759386,8.137628815173295,0.1179432391215825,5,134.79163629788812,-0.012100031133322272,-0.009366567380370642,0.05005014338609094,0.9991281651166032,0.0004798604933942866,0.011990113512372953,-0.03998645498912335,8,,7,0,8,174.69857547915868,moon,3,statics_wall,single_face_wall_4course_v1,-1,3,0,base,0.0,0.0,skipped,skipped,14,174.69857547915868,1,no_feasible_pose
0.2939487127532722,-0.03751960752785852,0.04508915471216885,0.17990461491740015,0.17594871275327223,0.03751960752785852,0.29633353957719716,1.0,1.0,0.0,1.7417184584786523,0.12666510575942957,0.5618887094496644,0.0911392980982598,4,4.735885408153204,0.11863764401478297,0.0050788385064829316,0.05005014338609094,0.9991281651166032,0.011990113512372953,0.00047986049339428585,0.03998645498912335,8,,7,0,8,4.785408482740205,moon,3,statics_wall,single_face_wall_4course_v1,14,4,0,base,0.118,0.0,multi_facet_clast_5,bearing_block_clast,,,,
-0.2868712089282806,0.0630528416540338,0.06665684222192311,0.5266592465406549,0.5228712089282805,0.0630528416540338,0.2937188304358811,1.0,1.0,0.0,2.1790387233735724,0.4607249951514443,0.1244884292623705,0.12383156875227556,7,10.57273889563454,0.21257361111757528,-0.001669166022973067,0.061174726530352455,0.9237298680680254,0.006887929820301199,0.016628933588845225,-0.3826214393228859,8,,6,0,8,12.356035128337814,moon,3,statics_wall,single_face_wall_4course_v1,-1,5,0,base,0.236,0.0,skipped,skipped,55,12.356035128337814,1,no_feasible_pose
2.6885780285383136,2.2444694278928594,1.0637579597268825,3.238502367465483,2.3345780285383135,2.2444694278928594,3.5022985064503946,1.0,1.0,0.0,4.420841059049236,1.1028146851118532,4.701852622251301,1.1417879534658613,1,102.80294748885808,0.34298590716229543,-0.0006487873535303299,0.08202999373897873,0.7071067811865476,0.0,0.0,0.7071067811865476,8,,4,0,8,137.62568417722122,moon,3,statics_wall,single_face_wall_4course_v1,-1,6,0,base,0.354,0.0,skipped,skipped,100,137.62568417722122,1,no_feasible_pose
-0.24911010399355374,0.024875670573053954,0.0873810522505238,0.049620293177941886,0.045889896006446246,0.018875670573053956,0.2503490421354519,0.13033951438327185,1.0,0.003501263223589668,18.67161669485073,0.0034572112524231162,0.01624990117677721,0.042105028950424395,4,1.1232686114457209,-0.2749897567920457,0.011633556210745837,0.21687606173608687,0.9991281651166032,0.011990113512372953,0.00047986049339428585,0.03998645498912335,8,,5,0,8,1.1232686114457209,moon,3,statics_wall,single_face_wall_4course_v1,27,7,1,middle,-0.295,0.006,multi_facet_clast_3,course_block_clast,,,,
-0.07199415014875406,0.06364214317057462,0.12386053959401107,0.11978666525235364,0.10500584985124593,0.057642143170574624,0.09609099876151388,0.4288635759360505,2.0,0.08687796702877504,4.633637624174735,0.0042421479375695835,0.0762413760786182,0.06656165844755915,1,-0.891126787755754,-0.1710750515601894,0.02310293118016464,0.20485320388973433,0.7071067811865476,0.0,0.0,0.7071067811865476,8,,1,0,8,-0.891126787755754,moon,3,statics_wall,single_face_wall_4course_v1,112,8,1,middle,-0.177,0.006,multi_facet_clast_2,compact_block_clast,,,,
-0.2687134966595674,-0.8919613709737,0.057991128862585964,0.9221249234470075,0.2097134966595674,0.8979613709737,0.9315589249190273,0.0,0.0,0.9528397264643387,20.444571516866677,0.011978157047170484,1.337128703229218,-0.012496684723662388,5,51.26382759966718,-0.08117138487922276,0.0010248977738517183,0.19166427144993792,0.9991281651166032,0.0004798604933942866,0.011990113512372953,-0.03998645498912335,8,,7,0,8,70.38610455566553,moon,3,statics_wall,single_face_wall_4course_v1,-1,9,1,middle,-0.059,0.006,skipped,skipped,39,70.38610455566553,1,no_feasible_pose
0.05156730311225846,0.004989218663305594,0.041151476028516605,0.007501110713464536,0.007432696887741536,0.0010107813366944064,0.05180809833550946,0.0,0.0,0.057483489875352865,11.077112176537874,0.004199124351884394,0.00977366194977299,-0.0048817432887820755,3,9.54030627557731,0.034779054033152075,0.00526537307737647,0.15086612676636704,6.123123777855497e-17,-0.0059999640000648,7.347836707678707e-19,0.999982000054,8,,6,0,8,17.540306275577308,moon,3,statics_wall,single_face_wall_4course_v1,-1,10,1,middle,0.059,0.006,skipped,skipped,64,17.540306275577308,1,no_feasible_pose
0.13437750985619093,0.005059373624440282,0.04115147741415732,0.04263286811882939,0.04262249014380906,0.0009406263755597178,0.13447271997183063,0.0,0.0,0.026136612704984744,11.077112176537874,0.0041991243518849945,0.009773661950844437,-0.004571366959568307,0,9.704359076403573,0.15063349468560738,0.004774516998383258,0.150555751822794,1.0,0.0,0.0,0.0,8,,6,0,8,17.704359076403573,moon,3,statics_wall,single_face_wall_4course_v1,-1,11,1,middle,0.177,0.006,skipped,skipped,64,17.704359076403573,1,no_feasible_pose
0.2024114020682968,0.05757594454100634,0.05986297070247598,0.10598455794244534,0.09258859793170318,0.05157594454100634,0.21044088261799976,0.16931330758354857,1.0,0.06502828488867805,9.17030624533954,0.025949000467823974,0.009720243197397262,0.021684478366660834,3,1.0584275010969904,0.2584954359859618,0.0018017753393998975,0.15810010386070444,6.123123777855497e-17,-0.0059999640000648,7.347836707678707e-19,0.999982000054,8,,5,0,8,1.0584275010969904,moon,3,statics_wall,single_face_wall_4course_v1,45,12,1,middle,0.295,0.006,multi_facet_clast_2,cap_block_clast,,,,
-0.1741007337312607,0.11917963628155227,0.17473853905000136,0.17403038218627584,0.12089926626873929,0.12517963628155226,0.2109854288569863,0.15378748793011054,3.0,0.14230783923070073,6.421232711663107,0.0053809000594568475,2.160745584360765,0.04824256174672406,1,13.834536826729941,-0.22399600761134808,0.011877499900218198,0.2687794246280273,0.7071067811865476,0.0,0.0,0.7071067811865476,8,,3,0,8,14.26130546419529,moon,3,statics_wall,single_face_wall_4course_v1,-1,13,2,middle,-0.295,-0.006,skipped,skipped,115,14.26130546419529,1,no_feasible_pose
-0.1703373800912154,-0.08677344633344287,0.03597385640704289,0.08104776453814447,0.006662619908784584,0.08077344633344287,0.19116603789617567,0.0,0.0,0.11771386624667683,11.077112176537874,0.003452840009470651,0.257910494296845,-0.1092473908340752,7,12.709173065918014,-0.176587575846181,-0.0008690947178216835,0.25005415469018644,0.9237298680680254,0.006887929820301199,0.016628933588845225,-0.3826214393228859,8,,5,0,8,21.153123646255303,moon,3,statics_wall,single_face_wall_4course_v1,-1,14,2,middle,-0.177,-0.006,skipped,skipped,64,21.153123646255303,1,no_feasible_pose
-0.12163365614648687,-0.10891003093301937,0.05040719203782624,0.12047177822590383,0.06263365614648687,0.10291003093301937,0.16326708530929632,0.0,0.0,0.1763665175991215,20.444571516866677,0.0007990962554991168,0.06348153321814622,-0.08664227999598126,0,13.833877547490635,-0.0640080890745855,0.0037311623074311366,0.25822592989749704,1.0,0.0,0.0,0.0,8,,6,0,8,22.386636945871736,moon,3,statics_wall,single_face_wall_4course_v1,-1,15,2,middle,-0.059,-0.006,skipped,skipped,39,22.386636945871736,1,no_feasible_pose
0.0009016452601554601,0.03723686823916064,0.04838577511622556,0.07242130624759094,0.05809835473984454,0.04323686823916064,0.03724778275865251,0.2680477201592337,1.0,0.06696475705270002,2.5461134286919127,0.0005007194788693599,0.018694248686979352,0.002352555798926889,4,-0.8893165788322187,0.02049748222250352,0.011897997711419025,0.15086612676636704,0.9991281651166032,0.011990113512372953,0.00047986049339428585,0.03998645498912335,8,,5,0,8,-0.8893165788322187,moon,3,statics_wall,single_face_wall_4course_v1,64,16,2,middle,0.059,-0.006,multi_facet_clast_6,compact_block_clast,,,,
0.1623981974613097,-0.06885508455771894,0.049225615831375996,0.06452886402329502,0.014601802538690284,0.06285508455771893,0.17639216878346148,0.0,0.0,0.11775642432918874,20.51498237182442,0.0005810478405541078,0.009026594077096536,-0.008110936381304376,3,11.70426437215856,0.1325348730038623,-0.00794252193162685,0.1823110007171609,6.123123777855497e-17,-0.0059999640000648,7.347836707678707e-19,0.999982000054,8,,2,0,8,19.704264372158562,moon,3,statics_wall,single_face_wall_4course_v1,-1,17,2,middle,0.177,-0.006,skipped,skipped,124,19.704264372158562,1,no_feasible_pose
0.12761984319428415,-0.031265674127807744,0.052056527200491684,0.16927631606766078,0.16738015680571583,0.025265674127807745,0.1313939372863145,0.057011545987550094,0.0,0.12157789139110385,20.51498237182442,0.00044843926832105523,0.019474727521787926,-0.005280025012188702,3,12.343972144300306,0.16898221491410542,0.018527498546726518,0.1823110007171609,6.123123777855497e-17,-0.0059999640000648,7.347836707678707e-19,0.999982000054,8,,2,0,8,20.343972144300306,moon,3,statics_wall,single_face_wall_4course_v1,-1,18,2,middle,0.295,-0.006,skipped,skipped,124,20.343972144300306,1,no_feasible_pose
-0.13832087004544796,-0.12340929217664381,0.041822479859731164,0.15738826456956218,0.09767912995455202,0.12340929217664381,0.18537129358579216,0.0,0.0,0.17952942308222464,15.894173650522381,0.0008212617579837621,0.009332089010791876,-0.08229826269602061,4,13.85672454972909,-0.09659985543315708,-0.00012018975717571333,0.22224140038128326,0.9991281651166032,0.011990113512372953,0.00047986049339428585,0.03998645498912335,8,,6,0,8,22.576601230102966,moon,3,statics_wall,single_face_wall_4course_v1,-1,19,3,cap,-0.236,0.0,skipped,skipped,81,22.576601230102966,1,no_feasible_pose
1.1348314948319616,-0.7715510132746602,0.05139119817363826,1.4713523441134155,1.2528314948319617,0.7715510132746602,1.3722731097517358,0.0,0.0,1.4754194140352033,15.894173650522381,0.0050490742153864775,2.108465664101759,-0.00035070175435573947,3,70.21604134203587,-0.02273476518650225,0.004270376491086009,0.1498625577535255,6.123123777855497e-17,-0.0059999640000648,7.347836707678707e-19,0.999982000054,8,,6,0,8,90.94676218207489,moon,3,statics_wall,single_face_wall_4course_v1,-1,20,3,cap,-0.118,0.0,skipped,skipped,81,90.94676218207489,1,no_feasible_pose
0.3191733766040057,-0.19362213206486886,0.04277258581125704,0.37331109594833634,0.3191733766040057,0.19362213206486886,0.37331109594833634,0.0,0.0,0.42790175825795623,15.894173650522381,0.001894819728272723,0.02815399170005226,-0.00896931411673696,3,21.3531343022926,-0.00188487319127409,-0.002235257375277984,0.1498625577535255,6.123123777855497e-17,-0.0059999640000648,7.347836707678707e-19,0.999982000054,8,,6,0,8,31.3922889706181,moon,3,statics_wall,single_face_wall_4course_v1,-1,21,3,cap,0.0,0.0,skipped,skipped,81,31.3922889706181,1,no_feasible_pose
0.15659416272004162,-0.031044223321521923,0.04414593724320636,0.04953032604069527,0.038594162720041625,0.031044223321521923,0.1596417100873935,0.13950663065575963,1.0,0.059682136218134035,4.644591762576772,0.004369007958758787,0.014151231620961536,-0.005914581856886522,3,0.044818938885524684,0.04910855983895706,0.004902945794257115,0.15154393858142662,6.123123777855497e-17,-0.0059999640000648,7.347836707678707e-19,0.999982000054,8,,2,0,8,0.044818938885524684,moon,3,statics_wall,single_face_wall_4course_v1,106,22,3,cap,0.118,0.0,multi_facet_clast_6,equant_clast,,,,
0.0778780209138708,0.02788085698362126,0.1068399434331682,0.16056121093295048,0.15812197908612918,0.02788085698362126,0.08271836753468023,0.25410446543776133,2.0,0.1432188912348922,9.346428852025515,0.007727416736901494,0.031801830633569964,0.08369403766238513,5,1.5142195039006916,0.09322873974722316,-0.005381692316373857,0.17845855191073645,0.9991281651166032,0.0004798604933942866,0.011990113512372953,-0.03998645498912335,8,,6,0,8,1.5142195039006916,moon,3,statics_wall,single_face_wall_4course_v1,22,23,3,cap,0.236,0.0,multi_facet_clast_2,equant_clast,,,,
